urn,name,phase,year,expected_pct,higher_pct,a8,p8
108910,Brunel Field Primary School,Primary,2023,61.0,8.0,,
108910,Brunel Field Primary School,Primary,2024,60.0,9.0,,
108911,Ashley Down Primary School,Primary,2023,79.0,0.0,,
108911,Ashley Down Primary School,Primary,2024,65.0,8.0,,
108919,Broomhill Junior School,Primary,2023,61.0,2.0,,
108919,Broomhill Junior School,Primary,2024,53.0,5.0,,
108920,Chester Park Junior School,Primary,2023,46.0,2.0,,
108920,Chester Park Junior School,Primary,2024,47.0,8.0,,
108931,Glenfrome Primary School,Primary,2023,47.0,5.0,,
108931,Glenfrome Primary School,Primary,2024,60.0,0.0,,
108961,Sefton Park Junior School,Primary,2023,71.0,7.0,,
108961,Sefton Park Junior School,Primary,2024,53.0,4.0,,
108964,Southville Primary School,Primary,2023,72.0,9.0,,
108964,Southville Primary School,Primary,2024,70.0,11.0,,
108970,Upper Horfield Primary School,Primary,2023,54.0,4.0,,
108970,Upper Horfield Primary School,Primary,2024,72.0,8.0,,
108975,Holymead Primary School,Primary,2023,59.0,8.0,,
108975,Holymead Primary School,Primary,2024,60.0,8.0,,
108980,Brentry Primary School,Primary,2023,48.0,7.0,,
108980,Brentry Primary School,Primary,2024,59.0,7.0,,
109089,Paulton Junior School,Primary,2023,69.0,10.0,,
109089,Paulton Junior School,Primary,2024,56.0,3.0,,
109110,Hannah More Primary School,Primary,2023,47.0,3.0,,
109110,Hannah More Primary School,Primary,2024,40.0,5.0,,
109116,Bishop Road Primary School,Primary,2023,84.0,26.0,,
109116,Bishop Road Primary School,Primary,2024,81.0,24.0,,
109118,Blaise Primary and Nursery School,Primary,2023,60.0,7.0,,
109118,Blaise Primary and Nursery School,Primary,2024,54.0,5.0,,
109130,Fair Furlong Primary School,Primary,2023,17.0,0.0,,
109130,Fair Furlong Primary School,Primary,2024,47.0,4.0,,
109132,Whitehall Primary School,Primary,2023,59.0,6.0,,
109132,Whitehall Primary School,Primary,2024,52.0,2.0,,
109140,Avonmouth Church of England Primary School and Nursery,Primary,2023,45.0,0.0,,
109140,Avonmouth Church of England Primary School and Nursery,Primary,2024,40.0,0.0,,
109146,"St Johns Church of England Primary School, Clifton",Primary,2023,67.0,16.0,,
109146,"St Johns Church of England Primary School, Clifton",Primary,2024,68.0,14.0,,
109243,School of Christ The King Catholic Primary,Primary,2023,41.0,0.0,,
109243,School of Christ The King Catholic Primary,Primary,2024,53.0,7.0,,
109244,Holy Cross RC Primary School,Primary,2023,48.0,4.0,,
109244,Holy Cross RC Primary School,Primary,2024,52.0,0.0,,
109245,Ss Peter and Paul RC Primary School,Primary,2023,60.0,10.0,,
109245,Ss Peter and Paul RC Primary School,Primary,2024,86.0,24.0,,
109247,St Joseph's Catholic Primary School,Primary,2023,65.0,0.0,,
109247,St Joseph's Catholic Primary School,Primary,2024,37.0,4.0,,
109251,"Our Lady of the Rosary Catholic Primary School, Bristol",Primary,2023,87.0,7.0,,
109251,"Our Lady of the Rosary Catholic Primary School, Bristol",Primary,2024,69.0,3.0,,
109254,St Bernadette Catholic Voluntary Aided Primary School,Primary,2023,69.0,3.0,,
109254,St Bernadette Catholic Voluntary Aided Primary School,Primary,2024,57.0,0.0,,
109327,St Mary Redcliffe and Temple School,Secondary,2024,,,51.7,0.24
109329,Saint Gregory's Catholic College,Secondary,2024,,,51.0,0.42
109331,St Bernadette Catholic Secondary School,Secondary,2024,,,43.0,-0.32
131019,Newbridge Primary School,Primary,2023,57.0,14.0,,
131019,Newbridge Primary School,Primary,2024,64.0,0.0,,
131522,Hillcrest Primary School,Primary,2023,68.0,3.0,,
131522,Hillcrest Primary School,Primary,2024,55.0,2.0,,
132196,Shirehampton Primary School,Primary,2023,55.0,9.0,,
132196,Shirehampton Primary School,Primary,2024,47.0,5.0,,
134917,St Keyna Primary School,Primary,2023,57.0,4.0,,
134917,St Keyna Primary School,Primary,2024,41.0,3.0,,
135203,Knowle Park Primary School,Primary,2023,56.0,13.0,,
135203,Knowle Park Primary School,Primary,2024,56.0,2.0,,
135300,Bristol Brunel Academy,Secondary,2024,,,45.1,0.24
135575,Bristol Cathedral Choir School,Secondary,2024,,,56.7,0.55
135663,Oasis Academy John Williams,Secondary,2024,,,42.3,-0.37
135671,Oasis Academy Brightstowe,Secondary,2024,,,33.3,-1.01
135779,Sea Mills Primary School,Primary,2023,50.0,11.0,,
135779,Sea Mills Primary School,Primary,2024,0.0,0.0,,
135867,Air Balloon Hill Primary School,Primary,2023,60.0,6.0,,
135867,Air Balloon Hill Primary School,Primary,2024,47.0,4.0,,
135872,St Peter's Church of England Primary School (VC),Primary,2023,39.0,0.0,,
135872,St Peter's Church of England Primary School (VC),Primary,2024,59.0,5.0,,
135959,Bristol Metropolitan Academy,Secondary,2024,,,48.0,0.54
136311,Somervale Secondary School,Secondary,2024,,,43.3,0.01
136335,Norton Hill Academy,Secondary,2024,,,52.2,0.16
136483,Oldfield School,Secondary,2024,,,46.4,-0.06
136804,Trinity Church School,Primary,2023,69.0,3.0,,
136804,Trinity Church School,Primary,2024,63.0,6.0,,
136822,Bristol Free School,Secondary,2024,,,58.0,0.43
136830,Elmlea Junior School,Primary,2023,84.0,16.0,,
136830,Elmlea Junior School,Primary,2024,71.0,11.0,,
136966,Hayesfield Girls School,Secondary,2024,,,57.9,0.76
137062,Westbury-On-Trym Church of England Academy,Primary,2023,75.0,11.0,,
137062,Westbury-On-Trym Church of England Academy,Primary,2024,68.0,8.0,,
137068,E-Act St Ursula's Academy,Primary,2023,80.0,0.0,,
137068,E-Act St Ursula's Academy,Primary,2024,77.0,11.0,,
137212,Waycroft Academy,Primary,2023,51.0,2.0,,
137212,Waycroft Academy,Primary,2024,65.0,0.0,,
137440,Cotham School,Secondary,2024,,,46.2,0.1
137518,Henleaze Junior School,Primary,2023,70.0,3.0,,
137518,Henleaze Junior School,Primary,2024,68.0,11.0,,
137523,Wellsway School,Secondary,2024,,,51.8,0.31
137548,Writhlington School,Secondary,2024,,,46.5,0.08
137627,St Bede's Catholic College,Secondary,2024,,,55.6,0.38
137700,Ilminster Avenue E-ACT Academy,Primary,2023,16.0,0.0,,
137700,Ilminster Avenue E-ACT Academy,Primary,2024,43.0,0.0,,
137762,West Town Lane Academy,Primary,2023,57.0,6.0,,
137762,West Town Lane Academy,Primary,2024,62.0,9.0,,
138204,Bedminster Down School,Secondary,2024,,,39.9,-0.3
138278,Oasis Academy Connaught,Primary,2023,48.0,0.0,,
138278,Oasis Academy Connaught,Primary,2024,33.0,0.0,,
138317,Christ Church Church of England Primary School,Primary,2023,63.0,11.0,,
138317,Christ Church Church of England Primary School,Primary,2024,71.0,14.0,,
138377,E-Act the Dolphin School,Primary,2023,40.0,6.0,,
138377,E-Act the Dolphin School,Primary,2024,50.0,4.0,,
138409,Oasis Academy Bank Leaze,Primary,2023,72.0,14.0,,
138409,Oasis Academy Bank Leaze,Primary,2024,79.0,14.0,,
138448,Orchard School Bristol,Secondary,2024,,,39.6,-0.31
138465,St Patrick's Catholic Primary School,Primary,2023,60.0,0.0,,
138465,St Patrick's Catholic Primary School,Primary,2024,60.0,10.0,,
138522,Ralph Allen School,Secondary,2024,,,53.8,0.34
138531,Westbury Park School,Primary,2023,72.0,16.0,,
138531,Westbury Park School,Primary,2024,91.0,25.0,,
138617,Chew Stoke Church School,Primary,2023,68.0,16.0,,
138617,Chew Stoke Church School,Primary,2024,82.0,14.0,,
138655,Begbrook Primary Academy,Primary,2023,66.0,6.0,,
138655,Begbrook Primary Academy,Primary,2024,62.0,3.0,,
138658,Summerhill Academy,Primary,2023,94.0,10.0,,
138658,Summerhill Academy,Primary,2024,94.0,9.0,,
138668,Filton Avenue Primary School,Primary,2023,62.0,9.0,,
138668,Filton Avenue Primary School,Primary,2024,69.0,17.0,,
138708,Cotham Gardens Primary School,Primary,2023,32.0,3.0,,
138708,Cotham Gardens Primary School,Primary,2024,40.0,0.0,,
138709,Greenfield E-ACT Primary Academy,Primary,2023,72.0,5.0,,
138709,Greenfield E-ACT Primary Academy,Primary,2024,68.0,4.0,,
138710,Oasis Academy New Oak,Primary,2023,50.0,13.0,,
138710,Oasis Academy New Oak,Primary,2024,69.0,3.0,,
138789,Minerva Primary Academy,Primary,2023,63.0,2.0,,
138789,Minerva Primary Academy,Primary,2024,80.0,3.0,,
138791,Frome Vale Academy,Primary,2023,82.0,0.0,,
138791,Frome Vale Academy,Primary,2024,83.0,10.0,,
138794,Fishponds CofE Primary School,Primary,2023,50.0,4.0,,
138794,Fishponds CofE Primary School,Primary,2024,54.0,0.0,,
138855,Redland Green School,Secondary,2024,,,61.5,0.59
138900,Little Mead Primary Academy,Primary,2023,44.0,5.0,,
138900,Little Mead Primary Academy,Primary,2024,49.0,0.0,,
138904,Parson Street Primary School,Primary,2023,58.0,6.0,,
138904,Parson Street Primary School,Primary,2024,38.0,6.0,,
138985,Broadlands Academy,Secondary,2024,,,40.7,-0.21
139033,St Teresa's Catholic Primary School,Primary,2023,69.0,7.0,,
139033,St Teresa's Catholic Primary School,Primary,2024,80.0,7.0,,
139049,Bridge Learning Campus,Secondary,2024,,,33.6,-0.75
139050,E-Act Bannerman Road Community Academy,Primary,2023,43.0,0.0,,
139050,E-Act Bannerman Road Community Academy,Primary,2024,52.0,0.0,,
139116,Henbury Court Primary Academy,Primary,2023,36.0,0.0,,
139116,Henbury Court Primary Academy,Primary,2024,30.0,0.0,,
139247,E-Act the Kingfisher School,Primary,2023,24.0,0.0,,
139247,E-Act the Kingfisher School,Primary,2024,33.0,0.0,,
139505,Stoke Bishop Church of England Primary School,Primary,2023,75.0,12.0,,
139505,Stoke Bishop Church of England Primary School,Primary,2024,69.0,22.0,,
139828,Cathedral Primary School,Primary,2023,68.0,2.0,,
139828,Cathedral Primary School,Primary,2024,63.0,7.0,,
140267,Redfield Educate Together Primary Academy,Primary,2023,0.0,0.0,,
140267,Redfield Educate Together Primary Academy,Primary,2024,49.0,0.0,,
140268,Oasis Academy Marksbury Road,Primary,2023,75.0,2.0,,
140268,Oasis Academy Marksbury Road,Primary,2024,57.0,8.0,,
140269,E-Act Fairlawn Primary School,Primary,2023,57.0,7.0,,
140269,E-Act Fairlawn Primary School,Primary,2024,56.0,10.0,,
140409,Oasis Academy Long Cross,Primary,2023,53.0,2.0,,
140409,Oasis Academy Long Cross,Primary,2024,44.0,5.0,,
140452,St John's CofE Primary School,Primary,2023,70.0,6.0,,
140452,St John's CofE Primary School,Primary,2024,58.0,0.0,,
140728,Hotwells Primary School,Primary,2023,62.0,8.0,,
140728,Hotwells Primary School,Primary,2024,73.0,18.0,,
141110,Easton CofE Primary School,Primary,2023,38.0,2.0,,
141110,Easton CofE Primary School,Primary,2024,54.0,0.0,,
141149,High Littleton CofE VC Primary School,Primary,2023,80.0,20.0,,
141149,High Littleton CofE VC Primary School,Primary,2024,82.0,18.0,,
141652,Oasis Academy Brislington,Secondary,2024,,,40.9,-0.29
141705,Fairfield High School,Secondary,2024,,,49.9,0.25
141706,Four Acres Academy,Primary,2023,48.0,0.0,,
141706,Four Acres Academy,Primary,2024,44.0,6.0,,
141767,Clutton Primary School,Primary,2023,75.0,6.0,,
141767,Clutton Primary School,Primary,2024,76.0,12.0,,
142032,Woodlands Academy,Primary,2023,58.0,4.0,,
142032,Woodlands Academy,Primary,2024,43.0,0.0,,
142125,Somerset Studio School,Secondary,2024,,,40.4,-0.31
142127,IKB Academy,Secondary,2024,,,38.6,-0.54
142227,St John's Church of England Primary School,Primary,2023,70.0,4.0,,
142227,St John's Church of England Primary School,Primary,2024,63.0,13.0,,
142716,Moorlands Junior School,Primary,2023,43.0,6.0,,
142716,Moorlands Junior School,Primary,2024,56.0,14.0,,
142754,Weston All Saints CofE Primary School,Primary,2023,39.0,0.0,,
142754,Weston All Saints CofE Primary School,Primary,2024,58.0,2.0,,
142941,Welton Primary School,Primary,2023,73.0,0.0,,
142941,Welton Primary School,Primary,2024,57.0,10.0,,
142942,Longvernal Primary School,Primary,2023,65.0,6.0,,
142942,Longvernal Primary School,Primary,2024,67.0,13.0,,
142943,Combe Down CofE Primary School,Primary,2023,65.0,12.0,,
142943,Combe Down CofE Primary School,Primary,2024,56.0,9.0,,
143083,Saltford CofE Primary School,Primary,2023,82.0,13.0,,
143083,Saltford CofE Primary School,Primary,2024,77.0,9.0,,
143108,St Martin's Garden Primary School,Primary,2023,29.0,3.0,,
143108,St Martin's Garden Primary School,Primary,2024,46.0,0.0,,
143403,Hareclive E-ACT Academy,Primary,2023,55.0,4.0,,
143403,Hareclive E-ACT Academy,Primary,2024,50.0,0.0,,
143558,Oldfield Park Junior School,Primary,2023,69.0,3.0,,
143558,Oldfield Park Junior School,Primary,2024,70.0,5.0,,
143559,Widcombe CofE Junior School,Primary,2023,72.0,8.0,,
143559,Widcombe CofE Junior School,Primary,2024,74.0,5.0,,
143560,St Philip's CofE Primary School,Primary,2023,85.0,18.0,,
143560,St Philip's CofE Primary School,Primary,2024,61.0,22.0,,
143915,Norton Hill Primary School,Primary,2023,,,,
143915,Norton Hill Primary School,Primary,2024,,,,
144281,Farrington Gurney Church of England Primary School,Primary,2023,87.0,13.0,,
144281,Farrington Gurney Church of England Primary School,Primary,2024,62.0,8.0,,
144282,Marksbury CofE Primary School,Primary,2023,50.0,25.0,,
144282,Marksbury CofE Primary School,Primary,2024,80.0,10.0,,
144283,Chandag Primary School,Primary,2023,,,,
144283,Chandag Primary School,Primary,2024,70.0,16.0,,
144509,The City Academy Bristol,Secondary,2024,,,37.5,0.07
144724,St Mary Redcliffe Church of England Primary School,Primary,2023,47.0,0.0,,
144724,St Mary Redcliffe Church of England Primary School,Primary,2024,40.0,2.0,,
144737,Abbot Alphege Academy,Primary,2023,78.0,0.0,,
144737,Abbot Alphege Academy,Primary,2024,14.0,0.0,,
144762,Somerdale Educate Together Primary Academy,Primary,2023,43.0,0.0,,
144762,Somerdale Educate Together Primary Academy,Primary,2024,54.0,0.0,,
144779,Badocks Wood E-ACT Academy,Primary,2023,73.0,6.0,,
144779,Badocks Wood E-ACT Academy,Primary,2024,68.0,0.0,,
144830,Midsomer Norton Primary School,Primary,2023,66.0,8.0,,
144830,Midsomer Norton Primary School,Primary,2024,68.0,0.0,,
144863,Victoria Park Primary School,Primary,2023,53.0,5.0,,
144863,Victoria Park Primary School,Primary,2024,59.0,5.0,,
144864,Headley Park Primary School,Primary,2023,67.0,2.0,,
144864,Headley Park Primary School,Primary,2024,56.0,4.0,,
144880,Perry Court E-ACT Academy,Primary,2023,81.0,8.0,,
144880,Perry Court E-ACT Academy,Primary,2024,,,,
144892,Fonthill Primary Academy,Primary,2023,38.0,0.0,,
144892,Fonthill Primary Academy,Primary,2024,38.0,0.0,,
145070,Farmborough Church Primary School,Primary,2023,58.0,19.0,,
145070,Farmborough Church Primary School,Primary,2024,68.0,5.0,,
145320,Compass Point Primary School,Primary,2023,61.0,6.0,,
145320,Compass Point Primary School,Primary,2024,30.0,0.0,,
145321,Ashton Vale Primary School,Primary,2023,32.0,0.0,,
145321,Ashton Vale Primary School,Primary,2024,61.0,4.0,,
145398,Ashton Park School,Secondary,2024,,,50.2,0.31
145399,Luckwell Primary School,Primary,2023,63.0,11.0,,
145399,Luckwell Primary School,Primary,2024,67.0,0.0,,
145482,Chew Valley School,Secondary,2024,,,47.8,-0.1
145511,Bathampton Primary School,Primary,2023,42.0,10.0,,
145511,Bathampton Primary School,Primary,2024,62.0,14.0,,
145512,Batheaston Church School,Primary,2023,52.0,11.0,,
145512,Batheaston Church School,Primary,2024,65.0,0.0,,
145513,St Saviours Junior Church School,Primary,2023,47.0,9.0,,
145513,St Saviours Junior Church School,Primary,2024,61.0,12.0,,
145515,Bathwick St Mary Church School,Primary,2023,65.0,15.0,,
145515,Bathwick St Mary Church School,Primary,2024,67.0,3.0,,
145516,St Andrew's Church School,Primary,2023,57.0,14.0,,
145516,St Andrew's Church School,Primary,2024,43.0,10.0,,
145517,St Stephens Church School,Primary,2023,78.0,14.0,,
145517,St Stephens Church School,Primary,2024,77.0,18.0,,
145582,Bathford Church School,Primary,2023,67.0,7.0,,
145582,Bathford Church School,Primary,2024,81.0,19.0,,
145583,Freshford Church School,Primary,2023,88.0,33.0,,
145583,Freshford Church School,Primary,2024,100.0,36.0,,
145716,St Michaels Junior Church School,Primary,2023,13.0,0.0,,
145716,St Michaels Junior Church School,Primary,2024,31.0,0.0,,
145899,Mulberry Park Educate Together Primary Academy,Primary,2023,,,,
145899,Mulberry Park Educate Together Primary Academy,Primary,2024,,,,
146101,Evergreen Primary Academy,Primary,2023,67.0,13.0,,
146101,Evergreen Primary Academy,Primary,2024,74.0,0.0,,
146261,Stoke Park Primary School,Primary,2023,48.0,7.0,,
146261,Stoke Park Primary School,Primary,2024,37.0,0.0,,
146263,Roundhill Primary School,Primary,2023,36.0,6.0,,
146263,Roundhill Primary School,Primary,2024,10.0,0.0,,
146396,St Julian's Church School,Primary,2023,85.0,23.0,,
146396,St Julian's Church School,Primary,2024,91.0,9.0,,
146409,Westfield Primary School,Primary,2023,62.0,5.0,,
146409,Westfield Primary School,Primary,2024,73.0,5.0,,
146424,Shoscombe Church School,Primary,2023,64.0,0.0,,
146424,Shoscombe Church School,Primary,2024,88.0,6.0,,
146572,Wansdyke Primary School,Primary,2023,62.0,7.0,,
146572,Wansdyke Primary School,Primary,2024,63.0,7.0,,
146687,Cheddar Grove Primary School,Primary,2023,75.0,3.0,,
146687,Cheddar Grove Primary School,Primary,2024,66.0,3.0,,
146689,Ubley Church of England Primary School,Primary,2023,57.0,14.0,,
146689,Ubley Church of England Primary School,Primary,2024,67.0,22.0,,
146707,Stanton Drew Primary School,Primary,2023,50.0,0.0,,
146707,Stanton Drew Primary School,Primary,2024,60.0,0.0,,
146787,East Harptree Church of England Primary School,Primary,2023,73.0,18.0,,
146787,East Harptree Church of England Primary School,Primary,2024,42.0,8.0,,
146788,Bishop Sutton Primary School,Primary,2023,74.0,7.0,,
146788,Bishop Sutton Primary School,Primary,2024,58.0,4.0,,
146952,Castle Primary School,Primary,2023,57.0,9.0,,
146952,Castle Primary School,Primary,2024,48.0,2.0,,
146964,May Park Primary School,Primary,2023,24.0,0.0,,
146964,May Park Primary School,Primary,2024,44.0,3.0,,
146972,Beechen Cliff School,Secondary,2024,,,57.1,0.45
146976,Cameley CEVC Primary School,Primary,2023,33.0,0.0,,
146976,Cameley CEVC Primary School,Primary,2024,39.0,0.0,,
146978,Pensford Primary School,Primary,2023,69.0,15.0,,
146978,Pensford Primary School,Primary,2024,82.0,9.0,,
146979,Chew Magna Primary School,Primary,2023,20.0,0.0,,
146979,Chew Magna Primary School,Primary,2024,57.0,0.0,,
147072,Trinity Academy,Secondary,2024,,,50.7,0.53
147173,Peasedown St John Primary School,Primary,2023,52.0,3.0,,
147173,Peasedown St John Primary School,Primary,2024,47.0,3.0,,
147219,Blaise High School,Secondary,2024,,,40.4,-0.3
147555,Swainswick Church School,Primary,2023,80.0,10.0,,
147555,Swainswick Church School,Primary,2024,63.0,0.0,,
147652,Avanti Gardens School,Primary,2023,25.0,0.0,,
147652,Avanti Gardens School,Primary,2024,39.0,0.0,,
147800,Whitchurch Primary School,Primary,2023,55.0,10.0,,
147800,Whitchurch Primary School,Primary,2024,70.0,7.0,,
147801,St Mark's CofE School,Secondary,2024,,,50.6,0.74
147861,Two Rivers Church of England Primary,Primary,2023,,,,
147861,Two Rivers Church of England Primary,Primary,2024,,,,
147890,St Mary's CofE Primary School,Primary,2023,77.0,14.0,,
147890,St Mary's CofE Primary School,Primary,2024,61.0,13.0,,
147993,St Mary's Church of England Primary School,Primary,2023,33.0,0.0,,
147993,St Mary's Church of England Primary School,Primary,2024,40.0,5.0,,
148516,St Nicholas Church School,Primary,2023,49.0,3.0,,
148516,St Nicholas Church School,Primary,2024,56.0,4.0,,
148679,St Werburgh's Primary School,Primary,2023,61.0,11.0,,
148679,St Werburgh's Primary School,Primary,2024,65.0,6.0,,
148841,Willow Park CofE Primary School,Primary,2023,40.0,0.0,,
148841,Willow Park CofE Primary School,Primary,2024,33.0,0.0,,
148942,St Bernard's Catholic Primary School,Primary,2023,55.0,0.0,,
148942,St Bernard's Catholic Primary School,Primary,2024,60.0,7.0,,
149121,Cabot Primary School,Primary,2023,25.0,0.0,,
149121,Cabot Primary School,Primary,2024,56.0,0.0,,
149296,Bridge Farm Primary School,Primary,2023,73.0,15.0,,
149296,Bridge Farm Primary School,Primary,2024,69.0,13.0,,
149783,Oasis Academy Daventry Road,Secondary,2024,,,,
149784,Oasis Academy Temple Quarter,Secondary,2024,,,,
149915,St Nicholas of Tolentine Catholic Primary School,Primary,2023,,,,
149915,St Nicholas of Tolentine Catholic Primary School,Primary,2024,40.0,0.0,,
150718,Wicklea Academy,Primary,2023,,,,
150718,Wicklea Academy,Primary,2024,,,,
151299,E-Act Barton Hill Academy,Primary,2023,,,,
151299,E-Act Barton Hill Academy,Primary,2024,,,,
151302,E-Act Merchants' Academy,Secondary,2024,,,,
151303,E-Act Montpelier High School,Secondary,2024,,,,
