urn,name,phase,type,la,postcode,admissions_policy,mat,pupils,age_low,age_high,sixth_form,ofsted_region,region,constituency,idaci_quintile,ofsted_grade,ofsted_date,ofsted_pub_date,lat,lng,oa21,lsoa,msoa,ward,district,parish
108893,St Philips Marsh Nursery School and Barton Hill Childrens Centre/Cashmore Early Years Centre,Nursery,LA Nursery School,Bristol,BS2 0SU,Not applicable,NULL,130,2,5,Not applicable,South West,South West,Bristol East,4,2,25/09/2013,17/10/2013,51.447886,-2.56953,E00074006,Bristol 056B,Bristol 056,Lawrence Hill,"Bristol, City of","Bristol, City of, unparished area"
108894,Filton Avenue Nursery School,Nursery,LA Nursery School,Bristol,BS7 0DL,Not applicable,NULL,144,2,4,Not applicable,South West,South West,Bristol North East,3,1,12/01/2016,19/02/2016,51.491196,-2.573728,E00074046,Bristol 005D,Bristol 005,Lockleaze,"Bristol, City of","Bristol, City of, unparished area"
108895,Little Hayes Nursery School,Nursery,LA Nursery School,Bristol,BS16 2LL,Not applicable,NULL,109,2,5,Not applicable,South West,South West,Bristol North East,4,3,14/05/2024,23/06/2024,51.483671,-2.523517,E00073683,Bristol 013E,Bristol 013,Frome Vale,"Bristol, City of","Bristol, City of, unparished area"
108896,Ilminster Avenue Nursery School,Nursery,LA Nursery School,Bristol,BS4 1BX,Not applicable,NULL,193,2,4,Not applicable,South West,South West,Bristol East,5,2,24/04/2019,14/05/2019,51.426491,-2.575735,E00073999,Bristol 044D,Bristol 044,Knowle,"Bristol, City of","Bristol, City of, unparished area"
108898,Rosemary Nursery School and Children's Centre,Nursery,LA Nursery School,Bristol,BS2 0DT,Not applicable,NULL,88,2,5,Not applicable,South West,South West,Bristol East,5,2,08/05/2024,13/06/2024,51.457823,-2.580189,E00174322,Bristol 054D,Bristol 054,Lawrence Hill,"Bristol, City of","Bristol, City of, unparished area"
108900,Speedwell Nursery School,Nursery,LA Nursery School,Bristol,BS5 7SY,Not applicable,NULL,94,2,5,Not applicable,South West,South West,Bristol North East,3,Not judged,05/11/2024,02/12/2024,51.467427,-2.530658,E00073860,Bristol 021C,Bristol 021,Eastville,"Bristol, City of","Bristol, City of, unparished area"
108901,St Pauls Nursery School & Children's Centre,Nursery,LA Nursery School,Bristol,BS2 9JF,Not applicable,NULL,132,3,5,Not applicable,South West,South West,Bristol Central,4,1,09/07/2015,07/09/2015,51.462215,-2.584894,E00174053,Bristol 059D,Bristol 059,Ashley,"Bristol, City of","Bristol, City of, unparished area"
108902,St Werburghs Park Nursery School,Nursery,LA Nursery School,Bristol,BS2 9UX,Not applicable,NULL,94,2,4,Not applicable,South West,South West,Bristol Central,3,2,20/01/2015,27/02/2015,51.471329,-2.572917,E00073156,Bristol 058A,Bristol 058,Ashley,"Bristol, City of","Bristol, City of, unparished area"
108904,Redcliffe Childrens Centre and Maintained Nursery School,Nursery,LA Nursery School,Bristol,BS1 6RR,Not applicable,NULL,134,2,5,Not applicable,South West,South West,Bristol Central,4,1,08/07/2014,05/09/2014,51.445883,-2.588917,E00074010,Bristol 054E,Bristol 054,Central,"Bristol, City of","Bristol, City of, unparished area"
108905,The Limes Nursery School,Nursery,LA Nursery School,Bristol,BS5 9AT,Not applicable,NULL,121,2,5,Not applicable,South West,South West,Bristol East,3,2,17/06/2014,09/07/2014,51.464074,-2.555883,E00073572,Bristol 057C,Bristol 057,Easton,"Bristol, City of","Bristol, City of, unparished area"
108906,Hartcliffe Nursery School and Children's Centre,Nursery,LA Nursery School,Bristol,BS13 0JW,Not applicable,NULL,230,2,4,Not applicable,South West,South West,Bristol South,5,Not judged,01/10/2024,24/10/2024,51.407321,-2.602452,E00074393,Bristol 053B,Bristol 053,Hartcliffe and Withywood,"Bristol, City of","Bristol, City of, unparished area"
108910,Brunel Field Primary School,Primary,Community School,Bristol,BS7 9JT,Not applicable,NULL,393,4,11,Does not have a sixth form,South West,South West,Bristol North West,1,2,21/11/2023,15/01/2024,51.480445,-2.582219,E00073269,Bristol 016C,Bristol 016,Bishopston and Ashley Down,"Bristol, City of","Bristol, City of, unparished area"
108911,Ashley Down Primary School,Primary,Community School,Bristol,BS7 9PD,Not applicable,NULL,397,4,11,Does not have a sixth form,South West,South West,Bristol North West,2,2,30/01/2019,28/02/2019,51.483529,-2.584145,E00073297,Bristol 016A,Bristol 016,Bishopston and Ashley Down,"Bristol, City of","Bristol, City of, unparished area"
108919,Broomhill Junior School,Primary,Community School,Bristol,BS4 4NZ,Not applicable,NULL,199,7,11,Does not have a sixth form,South West,South West,Bristol East,4,2,23/11/2011,15/12/2011,51.439859,-2.540324,E00073367,Bristol 038A,Bristol 038,Brislington East,"Bristol, City of","Bristol, City of, unparished area"
108920,Chester Park Junior School,Primary,Community School,Bristol,BS16 3NX,Not applicable,NULL,291,7,11,Does not have a sixth form,South West,South West,Bristol North East,4,2,12/09/2012,04/10/2012,51.473575,-2.531205,E00073852,Bristol 021B,Bristol 021,Hillfields,"Bristol, City of","Bristol, City of, unparished area"
108921,Chester Park Infant School,Primary,Community School,Bristol,BS16 3QG,Not applicable,NULL,233,4,7,Does not have a sixth form,South West,South West,Bristol North East,4,2,20/03/2019,25/04/2019,51.474492,-2.53123,E00073852,Bristol 021B,Bristol 021,Hillfields,"Bristol, City of","Bristol, City of, unparished area"
108931,Glenfrome Primary School,Primary,Community School,Bristol,BS5 6TY,Not applicable,NULL,425,4,11,Does not have a sixth form,South West,South West,Bristol North East,4,2,17/02/2016,15/03/2016,51.478989,-2.563725,E00074053,Bristol 014D,Bristol 014,Lockleaze,"Bristol, City of","Bristol, City of, unparished area"
108956,St Anne's Infant School,Primary,Foundation School,Bristol,BS4 3QJ,Not applicable,NULL,193,3,7,Does not have a sixth form,South West,South West,Bristol East,3,2,10/01/2023,08/02/2023,51.447294,-2.550297,E00073391,Bristol 035F,Bristol 035,Brislington West,"Bristol, City of","Bristol, City of, unparished area"
108960,Sefton Park Infant School,Primary,Community School,Bristol,BS7 9BJ,Not applicable,NULL,213,3,7,Does not have a sixth form,South West,South West,Bristol Central,1,2,11/02/2020,27/04/2020,51.474895,-2.58271,E00073154,Bristol 020B,Bristol 020,Ashley,"Bristol, City of","Bristol, City of, unparished area"
108961,Sefton Park Junior School,Primary,Community School,Bristol,BS7 9BJ,Not applicable,NULL,226,7,11,Does not have a sixth form,South West,South West,Bristol Central,2,2,05/06/2013,27/06/2013,51.474895,-2.58271,E00073154,Bristol 020B,Bristol 020,Ashley,"Bristol, City of","Bristol, City of, unparished area"
108964,Southville Primary School,Primary,Community School,Bristol,BS3 1EB,Not applicable,NULL,632,3,11,Does not have a sixth form,South West,South West,Bristol South,2,2,12/09/2012,24/10/2012,51.442752,-2.603582,E00074248,Bristol 036C,Bristol 036,Southville,"Bristol, City of","Bristol, City of, unparished area"
108966,Summerhill Infant School,Primary,Community School,Bristol,BS5 7LE,Not applicable,NULL,175,5,7,Does not have a sixth form,South West,South West,Bristol East,4,2,22/01/2013,20/02/2013,51.461171,-2.5401,E00074176,Bristol 028B,Bristol 028,St George West,"Bristol, City of","Bristol, City of, unparished area"
108970,Upper Horfield Primary School,Primary,Community School,Bristol,BS7 0PU,Not applicable,NULL,182,2,11,Does not have a sixth form,South West,South West,Bristol North West,5,3,20/06/2023,14/09/2023,51.499105,-2.576377,E00073896,Bristol 005A,Bristol 005,Horfield,"Bristol, City of","Bristol, City of, unparished area"
108975,Holymead Primary School,Primary,Community School,Bristol,BS4 4LE,Not applicable,NULL,602,4,11,Does not have a sixth form,South West,South West,Bristol East,3,2,07/05/2014,03/06/2014,51.435795,-2.54803,E00073375,Bristol 038C,Bristol 038,Brislington East,"Bristol, City of","Bristol, City of, unparished area"
108980,Brentry Primary School,Primary,Community School,Bristol,BS10 6RG,Not applicable,NULL,209,4,11,Does not have a sixth form,South West,South West,Bristol North West,5,2,22/09/2021,14/11/2021,51.512548,-2.611723,E00073778,Bristol 001A,Bristol 001,Henbury and Brentry,"Bristol, City of","Bristol, City of, unparished area"
108983,Broomhill Infant & Nursery School,Primary,Foundation School,Bristol,BS4 4UY,Not applicable,NULL,198,3,7,Does not have a sixth form,South West,South West,Bristol East,4,2,19/10/2022,04/12/2022,51.439459,-2.537484,E00073365,Bristol 038B,Bristol 038,Brislington East,"Bristol, City of","Bristol, City of, unparished area"
109007,Twerton Infant School,Primary,Community School,Bath and North East Somerset,BA2 1QR,Not applicable,NULL,150,2,7,Does not have a sixth form,South West,South West,Bath,5,2,13/03/2023,18/05/2023,51.378768,-2.401768,E00073031,Bath and North East Somerset 011C,Bath and North East Somerset 011,Twerton & Whiteway,Bath and North East Somerset,"Bath and North East Somerset, unparished area"
109089,Paulton Junior School,Primary,Community School,Bath and North East Somerset,BS39 7QY,Not applicable,NULL,257,7,11,Does not have a sixth form,South West,South West,North East Somerset and Hanham,2,Not judged,04/03/2025,03/04/2025,51.303307,-2.502169,E00072933,Bath and North East Somerset 023C,Bath and North East Somerset 023,Paulton,Bath and North East Somerset,Paulton
109110,Hannah More Primary School,Primary,Community School,Bristol,BS2 0LT,Not applicable,NULL,223,4,11,Does not have a sixth form,South West,South West,Bristol East,5,Not judged,07/05/2025,17/06/2025,51.453773,-2.57926,E00174232,Bristol 054A,Bristol 054,Lawrence Hill,"Bristol, City of","Bristol, City of, unparished area"
109116,Bishop Road Primary School,Primary,Community School,Bristol,BS7 8LS,Not applicable,NULL,802,3,11,Does not have a sixth form,South West,South West,Bristol Central,1,1,07/11/2023,12/12/2023,51.479555,-2.592994,E00073282,Bristol 016D,Bristol 016,Redland,"Bristol, City of","Bristol, City of, unparished area"
109118,Blaise Primary and Nursery School,Primary,Community School,Bristol,BS10 7EJ,Not applicable,NULL,434,3,11,Does not have a sixth form,South West,South West,Bristol North West,5,Not judged,11/02/2025,13/03/2025,51.506942,-2.6227,E00073758,Bristol 001H,Bristol 001,Henbury and Brentry,"Bristol, City of","Bristol, City of, unparished area"
109130,Fair Furlong Primary School,Primary,Community School,Bristol,BS13 9HS,Not applicable,NULL,460,3,11,Does not have a sixth form,South West,South West,Bristol South,5,Not judged,14/01/2025,10/02/2025,51.406783,-2.610913,E00073730,Bristol 051C,Bristol 051,Hartcliffe and Withywood,"Bristol, City of","Bristol, City of, unparished area"
109132,Whitehall Primary School,Primary,Community School,Bristol,BS5 9AT,Not applicable,NULL,620,5,11,Does not have a sixth form,South West,South West,Bristol East,4,2,19/03/2024,09/05/2024,51.464074,-2.555883,E00073572,Bristol 057C,Bristol 057,Easton,"Bristol, City of","Bristol, City of, unparished area"
109140,Avonmouth Church of England Primary School and Nursery,Primary,Voluntary Controlled School,Bristol,BS11 9LG,Not applicable,NULL,221,2,11,Does not have a sixth form,South West,South West,Bristol North West,4,2,15/11/2012,06/12/2012,51.494691,-2.690884,E00073186,Bristol 008F,Bristol 008,Avonmouth and Lawrence Weston,"Bristol, City of","Bristol, City of, unparished area"
109146,"St Johns Church of England Primary School, Clifton",Primary,Voluntary Controlled School,Bristol,BS8 2UH,Not applicable,NULL,466,5,11,Does not have a sixth form,South West,South West,Bristol Central,1,Not judged,13/05/2025,22/06/2025,51.468862,-2.61602,E00073497,Bristol 026E,Bristol 026,Clifton Down,"Bristol, City of","Bristol, City of, unparished area"
109243,School of Christ The King Catholic Primary,Primary,Voluntary Aided School,Bristol,BS4 1HD,Not applicable,NULL,228,3,11,Does not have a sixth form,South West,South West,Bristol South,5,2,23/04/2024,23/05/2024,51.423816,-2.58751,E00073658,Bristol 045C,Bristol 045,Filwood,"Bristol, City of","Bristol, City of, unparished area"
109244,Holy Cross RC Primary School,Primary,Voluntary Aided School,Bristol,BS3 1DB,Not applicable,NULL,177,4,11,Does not have a sixth form,South West,South West,Bristol South,5,2,16/05/2023,10/07/2023,51.443206,-2.599185,E00074235,Bristol 039F,Bristol 039,Southville,"Bristol, City of","Bristol, City of, unparished area"
109245,Ss Peter and Paul RC Primary School,Primary,Voluntary Aided School,Bristol,BS6 6HY,Not applicable,NULL,167,4,11,Does not have a sixth form,South West,South West,Bristol Central,3,2,28/02/2023,02/05/2023,51.463666,-2.60547,E00073528,Bristol 022B,Bristol 022,Clifton Down,"Bristol, City of","Bristol, City of, unparished area"
109247,St Joseph's Catholic Primary School,Primary,Voluntary Aided School,Bristol,BS16 3QR,Not applicable,NULL,208,4,11,Does not have a sixth form,South West,South West,Bristol North East,4,2,22/05/2012,15/06/2012,51.474641,-2.52602,E00073891,Bristol 021A,Bristol 021,Hillfields,"Bristol, City of","Bristol, City of, unparished area"
109251,"Our Lady of the Rosary Catholic Primary School, Bristol",Primary,Voluntary Aided School,Bristol,BS11 0PA,Not applicable,NULL,212,4,11,Does not have a sixth form,South West,South West,Bristol North West,5,2,12/09/2023,09/10/2023,51.498449,-2.663008,E00073954,Bristol 003C,Bristol 003,Avonmouth and Lawrence Weston,"Bristol, City of","Bristol, City of, unparished area"
109254,St Bernadette Catholic Voluntary Aided Primary School,Primary,Voluntary Aided School,Bristol,BS14 9LP,Not applicable,NULL,261,3,11,Does not have a sixth form,South West,South West,Bristol South,4,2,05/06/2013,27/06/2013,51.416552,-2.563516,E00073793,Bristol 047F,Bristol 047,Hengrove and Whitchurch Park,"Bristol, City of","Bristol, City of, unparished area"
109327,St Mary Redcliffe and Temple School,Secondary,Voluntary Aided School,Bristol,BS1 6RT,Non-selective,NULL,1778,11,18,Has a sixth form,South West,South West,Bristol Central,3,Not judged,28/01/2025,20/03/2025,51.446006,-2.587695,E00074010,Bristol 054E,Bristol 054,Central,"Bristol, City of","Bristol, City of, unparished area"
109329,Saint Gregory's Catholic College,Secondary,Voluntary Aided School,Bath and North East Somerset,BA2 8PA,Non-selective,NULL,1005,11,18,Has a sixth form,South West,South West,Bath,2,2,08/11/2022,14/12/2022,51.353504,-2.382203,E00072890,Bath and North East Somerset 019C,Bath and North East Somerset 019,Odd Down,Bath and North East Somerset,"Bath and North East Somerset, unparished area"
109331,St Bernadette Catholic Secondary School,Secondary,Voluntary Aided School,Bristol,BS14 9LS,Non-selective,NULL,754,11,16,Does not have a sixth form,South West,South West,Bristol South,4,2,06/11/2018,03/12/2018,51.415783,-2.562443,E00073793,Bristol 047F,Bristol 047,Hengrove and Whitchurch Park,"Bristol, City of","Bristol, City of, unparished area"
109385,Elmfield School for Deaf Children,Special,Community Special School,Bristol,BS7 0PU,Not applicable,NULL,50,2,16,Not applicable,South West,South West,Bristol North West,4,2,17/01/2013,08/02/2013,51.499105,-2.576377,E00073896,Bristol 005A,Bristol 005,Horfield,"Bristol, City of","Bristol, City of, unparished area"
109386,Kingsweston School,Special,Community Special School,Bristol,BS11 0UT,Not applicable,NULL,179,4,19,Has a sixth form,South West,South West,Bristol North West,4,2,04/03/2020,18/03/2020,51.495629,-2.659121,E00073953,Bristol 007B,Bristol 007,Avonmouth and Lawrence Weston,"Bristol, City of","Bristol, City of, unparished area"
109391,Claremont School,Special,Community Special School,Bristol,BS9 4LR,Not applicable,NULL,70,2,19,Has a sixth form,South West,South West,Bristol North West,4,2,21/02/2013,20/03/2013,51.485074,-2.603838,E00073846,Bristol 011A,Bristol 011,Westbury-on-Trym and Henleaze,"Bristol, City of","Bristol, City of, unparished area"
109393,New Fosseway School,Special,Foundation Special School,Bristol,BS13 0RG,Not applicable,NULL,147,4,19,Has a sixth form,South West,South West,Bristol South,5,2,11/06/2013,03/07/2013,51.407426,-2.588881,E00178051,Bristol 053F,Bristol 053,Hengrove and Whitchurch Park,"Bristol, City of","Bristol, City of, unparished area"
109410,Briarwood School,Special,Community Special School,Bristol,BS16 4EA,Not applicable,NULL,167,3,19,Has a sixth form,South West,South West,Bristol North East,5,Not judged,08/10/2024,14/11/2024,51.477672,-2.521979,E00073873,Bristol 018D,Bristol 018,Hillfields,"Bristol, City of","Bristol, City of, unparished area"
131019,Newbridge Primary School,Primary,Community School,Bath and North East Somerset,BA1 3LL,Not applicable,NULL,402,4,11,Does not have a sixth form,South West,South West,Bath,2,2,21/01/2020,25/02/2020,51.386821,-2.394897,E00072882,Bath and North East Somerset 008B,Bath and North East Somerset 008,Newbridge,Bath and North East Somerset,"Bath and North East Somerset, unparished area"
131522,Hillcrest Primary School,Primary,Community School,Bristol,BS4 3DE,Not applicable,NULL,410,4,11,Does not have a sixth form,South West,South West,Bristol South,1,2,28/06/2016,21/07/2016,51.43952,-2.57216,E00074431,Bristol 037C,Bristol 037,Windmill Hill,"Bristol, City of","Bristol, City of, unparished area"
132196,Shirehampton Primary School,Primary,Community School,Bristol,BS11 9RR,Not applicable,NULL,493,2,11,Does not have a sixth form,South West,South West,Bristol North West,4,2,22/11/2017,09/01/2018,51.489189,-2.681525,E00073201,Bristol 008C,Bristol 008,Avonmouth and Lawrence Weston,"Bristol, City of","Bristol, City of, unparished area"
133689,Bristol Hospital Education Service,PRU,Pupil Referral Unit,Bristol,BS6 5JL,Not applicable,NULL,62,5,19,Not applicable,South West,South West,Bristol Central,4,1,14/11/2013,06/12/2013,51.470136,-2.581411,E00073169,Bristol 058B,Bristol 058,Ashley,"Bristol, City of","Bristol, City of, unparished area"
134241,Knowle West Early Years Centre,Nursery,LA Nursery School,Bristol,BS4 1NN,Not applicable,NULL,148,2,4,Not applicable,South West,South West,Bristol South,5,2,19/04/2023,14/06/2023,51.424584,-2.594065,E00073647,Bristol 045A,Bristol 045,Filwood,"Bristol, City of","Bristol, City of, unparished area"
134917,St Keyna Primary School,Primary,Community School,Bath and North East Somerset,BS31 2JP,Not applicable,NULL,248,3,11,Does not have a sixth form,South West,South West,North East Somerset and Hanham,3,2,15/03/2016,22/04/2016,51.411076,-2.510349,E00072728,Bath and North East Somerset 001A,Bath and North East Somerset 001,Keynsham South,Bath and North East Somerset,Keynsham
135203,Knowle Park Primary School,Primary,Community School,Bristol,BS4 2XG,Not applicable,NULL,601,4,11,Does not have a sixth form,South West,South West,Bristol East,4,2,08/07/2015,07/09/2015,51.431614,-2.574505,E00073989,Bristol 042B,Bristol 042,Knowle,"Bristol, City of","Bristol, City of, unparished area"
135300,Bristol Brunel Academy,Secondary,Academy Sponsor Led,Bristol,BS15 1NU,Non-selective,Cabot Learning Federation,1299,11,16,Has a sixth form,South West,South West,Bristol North East,4,2,11/06/2013,30/06/2013,51.46798,-2.527728,E00073854,Bristol 021B,Bristol 021,Eastville,"Bristol, City of","Bristol, City of, unparished area"
135575,Bristol Cathedral Choir School,Secondary,Academy Sponsor Led,Bristol,BS1 5TS,Non-selective,Cathedral Schools Trust,1183,11,18,Has a sixth form,South West,South West,Bristol Central,3,2,29/11/2022,30/01/2023,51.451209,-2.600786,E00178046,Bristol 061C,Bristol 061,Hotwells and Harbourside,"Bristol, City of","Bristol, City of, unparished area"
135663,Oasis Academy John Williams,Secondary,Academy Sponsor Led,Bristol,BS14 9BU,Non-selective,OASIS COMMUNITY LEARNING,860,11,16,Does not have a sixth form,South West,South West,Bristol South,5,2,12/09/2023,08/11/2023,51.420586,-2.564213,E00073788,Bristol 047F,Bristol 047,Hengrove and Whitchurch Park,"Bristol, City of","Bristol, City of, unparished area"
135671,Oasis Academy Brightstowe,Secondary,Academy Sponsor Led,Bristol,BS11 0EB,Non-selective,OASIS COMMUNITY LEARNING,739,11,19,Has a sixth form,South West,South West,Bristol North West,5,Not judged,05/11/2024,19/12/2024,51.490513,-2.67021,E00073192,Bristol 003A,Bristol 003,Avonmouth and Lawrence Weston,"Bristol, City of","Bristol, City of, unparished area"
135779,Sea Mills Primary School,Primary,Community School,Bristol,BS9 2HL,Not applicable,NULL,240,2,11,Does not have a sixth form,South West,South West,Bristol North West,5,2,27/06/2023,14/09/2023,51.484585,-2.649932,E00073931,Bristol 007C,Bristol 007,Stoke Bishop,"Bristol, City of","Bristol, City of, unparished area"
135867,Air Balloon Hill Primary School,Primary,Community School,Bristol,BS5 7PB,Not applicable,NULL,766,4,11,Does not have a sixth form,South West,South West,Bristol East,4,2,18/04/2018,21/05/2018,51.458773,-2.529478,E00074158,Bristol 028E,Bristol 028,St George Central,"Bristol, City of","Bristol, City of, unparished area"
135872,St Peter's Church of England Primary School (VC),Primary,Voluntary Controlled School,Bristol,BS13 8EF,Not applicable,NULL,456,3,11,Does not have a sixth form,South West,South West,Bristol South,5,2,11/06/2024,15/07/2024,51.416606,-2.622018,E00073336,Bristol 046D,Bristol 046,Bishopsworth,"Bristol, City of","Bristol, City of, unparished area"
135959,Bristol Metropolitan Academy,Secondary,Academy Sponsor Led,Bristol,BS16 2HD,Non-selective,Cabot Learning Federation,1096,11,19,Has a sixth form,South West,South West,Bristol North East,3,2,23/03/2022,12/06/2022,51.48032,-2.538728,E00073626,Bristol 012A,Bristol 012,Eastville,"Bristol, City of","Bristol, City of, unparished area"
136311,Somervale Secondary School,Secondary,Academy Converter,Bath and North East Somerset,BA3 2JD,Non-selective,Midsomer Norton Schools Partnership,794,11,18,Has a sixth form,South West,South West,Frome and East Somerset,1,2,17/01/2013,08/02/2013,51.284146,-2.487075,E00072868,Bath and North East Somerset 027B,Bath and North East Somerset 027,Midsomer Norton Redfield,Bath and North East Somerset,Midsomer Norton
136335,Norton Hill Academy,Secondary,Academy Converter,Bath and North East Somerset,BA3 4AD,Non-selective,Midsomer Norton Schools Partnership,1765,11,18,Has a sixth form,South West,South West,Frome and East Somerset,1,Not judged,08/10/2024,14/11/2024,51.280627,-2.479296,E00072858,Bath and North East Somerset 027A,Bath and North East Somerset 027,Midsomer Norton Redfield,Bath and North East Somerset,Midsomer Norton
136483,Oldfield School,Secondary,Academy Converter,Bath and North East Somerset,BA1 9AB,Non-selective,NULL,1275,11,18,Has a sixth form,South West,South West,Bath,2,2,21/01/2020,09/02/2020,51.393283,-2.408851,E00072873,Bath and North East Somerset 008D,Bath and North East Somerset 008,Newbridge,Bath and North East Somerset,"Bath and North East Somerset, unparished area"
136804,Trinity Church School,Primary,Academy Converter,Bath and North East Somerset,BA3 3DE,Not applicable,Midsomer Norton Schools Partnership,193,2,11,Not applicable,South West,South West,Frome and East Somerset,3,2,09/05/2018,11/06/2018,51.298395,-2.442519,E00072972,Bath and North East Somerset 024A,Bath and North East Somerset 024,Radstock,Bath and North East Somerset,Radstock
136822,Bristol Free School,Secondary,Free School,Bristol,BS10 6NJ,Non-selective,Russell Education Trust,1292,11,19,Has a sixth form,South West,South West,Bristol North West,1,2,08/03/2022,05/05/2022,,,,,,,,
136830,Elmlea Junior School,Primary,Academy Converter,Bristol,BS9 3UF,Not applicable,Russell Education Trust,356,7,11,Not applicable,South West,South West,Bristol North West,1,Not judged,25/03/2025,06/05/2025,51.484938,-2.623106,E00074331,Bristol 009C,Bristol 009,Westbury-on-Trym and Henleaze,"Bristol, City of","Bristol, City of, unparished area"
136966,Hayesfield Girls School,Secondary,Academy Converter,Bath and North East Somerset,BA2 3LA,Non-selective,Midsomer Norton Schools Partnership,1528,11,18,Has a sixth form,South West,South West,Bath,1,2,08/03/2017,05/04/2017,51.376437,-2.372395,E00073132,Bath and North East Somerset 012F,Bath and North East Somerset 012,Oldfield Park,Bath and North East Somerset,"Bath and North East Somerset, unparished area"
137062,Westbury-On-Trym Church of England Academy,Primary,Academy Converter,Bristol,BS9 3HZ,Not applicable,NULL,415,5,11,Not applicable,South West,South West,Bristol North West,3,2,20/01/2016,17/02/2016,51.495707,-2.61507,E00074342,Bristol 006D,Bristol 006,Westbury-on-Trym and Henleaze,"Bristol, City of","Bristol, City of, unparished area"
137068,E-Act St Ursula's Academy,Primary,Academy Sponsor Led,Bristol,BS9 4DT,Not applicable,E-ACT,564,4,11,Not applicable,South West,South West,Bristol North West,3,2,25/02/2020,11/05/2020,51.485893,-2.614204,E00073818,Bristol 006A,Bristol 006,Westbury-on-Trym and Henleaze,"Bristol, City of","Bristol, City of, unparished area"
137212,Waycroft Academy,Primary,Academy Converter,Bristol,BS14 8PS,Not applicable,Cabot Learning Federation,438,2,11,Not applicable,South West,South West,Bristol East,3,2,04/06/2024,30/06/2024,51.413456,-2.544973,E00074285,Bristol 049F,Bristol 049,Stockwood,"Bristol, City of","Bristol, City of, unparished area"
137440,Cotham School,Secondary,Academy Converter,Bristol,BS6 6DT,Non-selective,NULL,1655,11,18,Has a sixth form,South West,South West,Bristol Central,4,2,17/04/2018,10/05/2018,51.463567,-2.602042,E00073530,Bristol 022A,Bristol 022,Cotham,"Bristol, City of","Bristol, City of, unparished area"
137493,Fosse Way School,Special,Academy Special Converter,Bath and North East Somerset,BA3 3AL,Not applicable,THE PARTNERSHIP TRUST,224,3,19,Has a sixth form,South West,South West,Frome and East Somerset,2,2,22/09/2021,15/11/2021,51.283129,-2.471937,E00073079,Bath and North East Somerset 026D,Bath and North East Somerset 026,Westfield,Bath and North East Somerset,Westfield
137518,Henleaze Junior School,Primary,Academy Converter,Bristol,BS9 4LG,Non-selective,Cathedral Schools Trust,317,7,11,Not applicable,South West,South West,Bristol North West,1,3,02/07/2024,25/07/2024,51.485308,-2.605541,E00073846,Bristol 011A,Bristol 011,Westbury-on-Trym and Henleaze,"Bristol, City of","Bristol, City of, unparished area"
137523,Wellsway School,Secondary,Academy Converter,Bath and North East Somerset,BS31 1PH,Non-selective,FUTURA LEARNING PARTNERSHIP,1326,11,18,Has a sixth form,South West,South West,North East Somerset and Hanham,1,2,11/06/2019,03/07/2019,51.409528,-2.487457,E00072720,Bath and North East Somerset 003B,Bath and North East Somerset 003,Keynsham East,Bath and North East Somerset,Keynsham
137548,Writhlington School,Secondary,Academy Converter,Bath and North East Somerset,BA3 3NQ,Non-selective,Midsomer Norton Schools Partnership,925,11,18,Has a sixth form,South West,South West,Frome and East Somerset,2,2,27/09/2023,09/11/2023,51.287369,-2.430883,E00072982,Bath and North East Somerset 024C,Bath and North East Somerset 024,Radstock,Bath and North East Somerset,Radstock
137627,St Bede's Catholic College,Secondary,Academy Converter,Bristol,BS11 0SU,Non-selective,NULL,1315,11,18,Has a sixth form,South West,South West,Bristol North West,3,2,08/07/2014,08/09/2014,51.505076,-2.656577,E00073937,Bristol 003E,Bristol 003,Avonmouth and Lawrence Weston,"Bristol, City of","Bristol, City of, unparished area"
137700,Ilminster Avenue E-ACT Academy,Primary,Academy Sponsor Led,Bristol,BS4 1BX,Not applicable,E-ACT,277,4,11,Not applicable,South West,South West,Bristol East,5,Not judged,11/03/2025,11/05/2025,51.426491,-2.575735,E00073999,Bristol 044D,Bristol 044,Knowle,"Bristol, City of","Bristol, City of, unparished area"
137762,West Town Lane Academy,Primary,Academy Converter,Bristol,BS4 5DT,Not applicable,NULL,641,3,11,Not applicable,South West,South West,Bristol East,3,2,26/02/2019,18/03/2019,51.427078,-2.55657,E00073384,Bristol 043C,Bristol 043,Stockwood,"Bristol, City of","Bristol, City of, unparished area"
138204,Bedminster Down School,Secondary,Academy Converter,Bristol,BS13 7DQ,Non-selective,FUTURA LEARNING PARTNERSHIP,1029,11,16,Does not have a sixth form,South West,South West,Bristol South,5,Not judged,04/02/2025,12/03/2025,51.421401,-2.619912,E00073330,Bristol 046D,Bristol 046,Bishopsworth,"Bristol, City of","Bristol, City of, unparished area"
138278,Oasis Academy Connaught,Primary,Academy Sponsor Led,Bristol,BS4 1NH,Not applicable,OASIS COMMUNITY LEARNING,341,3,11,Not applicable,South West,South West,Bristol South,5,Not judged,26/11/2024,12/01/2025,51.427447,-2.587974,E00073642,Bristol 045D,Bristol 045,Filwood,"Bristol, City of","Bristol, City of, unparished area"
138317,Christ Church Church of England Primary School,Primary,Academy Converter,Bristol,BS8 3AW,Not applicable,NULL,311,4,11,Does not have a sixth form,South West,South West,Bristol Central,2,1,02/07/2024,18/09/2024,51.457235,-2.616165,E00073489,Bristol 026D,Bristol 026,Clifton,"Bristol, City of","Bristol, City of, unparished area"
138377,E-Act the Dolphin School,Primary,Academy Sponsor Led,Bristol,BS6 5PT,Not applicable,E-ACT,166,4,11,Not applicable,South West,South West,Bristol Central,5,3,01/11/2023,07/12/2023,51.466526,-2.589456,E00174279,Bristol 059A,Bristol 059,Ashley,"Bristol, City of","Bristol, City of, unparished area"
138409,Oasis Academy Bank Leaze,Primary,Academy Sponsor Led,Bristol,BS11 0SN,Not applicable,OASIS COMMUNITY LEARNING,214,3,11,Not applicable,South West,South West,Bristol North West,5,2,15/06/2016,20/07/2016,51.506627,-2.649265,E00073940,Bristol 003E,Bristol 003,Avonmouth and Lawrence Weston,"Bristol, City of","Bristol, City of, unparished area"
138448,Orchard School Bristol,Secondary,Academy Sponsor Led,Bristol,BS7 0XZ,Non-selective,Trust in Learning (Academies),947,11,16,Not applicable,South West,South West,Bristol North West,4,2,20/10/2015,17/11/2015,51.499724,-2.58016,E00073919,Bristol 005A,Bristol 005,Horfield,"Bristol, City of","Bristol, City of, unparished area"
138465,St Patrick's Catholic Primary School,Primary,Academy Converter,Bristol,BS5 8AS,Not applicable,THE CARDINAL NEWMAN CATHOLIC EDUCATIONAL TRUST,205,4,11,Does not have a sixth form,South West,South West,Bristol East,4,2,09/07/2024,10/09/2024,51.456924,-2.552212,E00178091,Bristol 029D,Bristol 029,St George West,"Bristol, City of","Bristol, City of, unparished area"
138522,Ralph Allen School,Secondary,Academy Converter,Bath and North East Somerset,BA2 7AD,Non-selective,Palladian Academy Trust,1382,11,18,Has a sixth form,South West,South West,Frome and East Somerset,1,2,26/02/2014,20/03/2014,51.362937,-2.334912,E00072676,Bath and North East Somerset 018B,Bath and North East Somerset 018,Combe Down,Bath and North East Somerset,"Bath and North East Somerset, unparished area"
138531,Westbury Park School,Primary,Academy Converter,Bristol,BS6 7NU,Not applicable,NULL,410,4,11,Does not have a sixth form,South West,South West,Bristol North West,1,Not judged,08/10/2024,12/11/2024,51.477101,-2.612041,E00073828,Bristol 017A,Bristol 017,Westbury-on-Trym and Henleaze,"Bristol, City of","Bristol, City of, unparished area"
138617,Chew Stoke Church School,Primary,Academy Converter,Bath and North East Somerset,BS40 8UY,Not applicable,NULL,181,4,11,Does not have a sixth form,South West,South West,North East Somerset and Hanham,1,2,16/10/2014,02/12/2014,51.352169,-2.637285,E00072645,Bath and North East Somerset 021A,Bath and North East Somerset 021,Chew Valley,Bath and North East Somerset,Chew Stoke
138655,Begbrook Primary Academy,Primary,Academy Converter,Bristol,BS16 1HG,Not applicable,Cabot Learning Federation,506,3,11,Does not have a sixth form,South West,South West,Bristol North East,3,2,26/09/2023,09/11/2023,51.48788,-2.537276,E00073676,Bristol 012D,Bristol 012,Frome Vale,"Bristol, City of","Bristol, City of, unparished area"
138658,Summerhill Academy,Primary,Academy Converter,Bristol,BS5 7JU,Not applicable,Cabot Learning Federation,221,7,11,Does not have a sixth form,South West,South West,Bristol East,4,2,01/03/2022,05/05/2022,51.461513,-2.541845,E00074176,Bristol 028B,Bristol 028,St George West,"Bristol, City of","Bristol, City of, unparished area"
138668,Filton Avenue Primary School,Primary,Academy Converter,Bristol,BS7 9RP,Not applicable,Trust in Learning (Academies),570,5,11,Does not have a sixth form,South West,South West,Bristol North East,5,2,15/03/2022,11/05/2022,51.490251,-2.575776,E00074046,Bristol 005D,Bristol 005,Lockleaze,"Bristol, City of","Bristol, City of, unparished area"
138708,Cotham Gardens Primary School,Primary,Academy Converter,Bristol,BS6 6AL,Not applicable,NULL,412,4,11,Does not have a sixth form,South West,South West,Bristol Central,3,Not judged,10/12/2024,29/01/2025,51.465585,-2.597793,E00073558,Bristol 022A,Bristol 022,Cotham,"Bristol, City of","Bristol, City of, unparished area"
138709,Greenfield E-ACT Primary Academy,Primary,Academy Converter,Bristol,BS4 1QW,Not applicable,E-ACT,343,3,11,Does not have a sixth form,South West,South West,Bristol South,5,Not judged,15/10/2024,20/11/2024,51.422002,-2.597871,E00073663,Bristol 045B,Bristol 045,Filwood,"Bristol, City of","Bristol, City of, unparished area"
138710,Oasis Academy New Oak,Primary,Academy Converter,Bristol,BS14 9SN,Not applicable,OASIS COMMUNITY LEARNING,222,4,11,Does not have a sixth form,South West,South West,Bristol South,4,2,05/04/2022,26/05/2022,51.420738,-2.569809,E00073815,Bristol 047F,Bristol 047,Hengrove and Whitchurch Park,"Bristol, City of","Bristol, City of, unparished area"
138789,Minerva Primary Academy,Primary,Academy Sponsor Led,Bristol,BS16 4HA,Not applicable,Cabot Learning Federation,367,3,11,Not applicable,South West,South West,Bristol North East,4,2,11/06/2024,04/07/2024,51.472753,-2.515992,E00073878,Bristol 018E,Bristol 018,Hillfields,"Bristol, City of","Bristol, City of, unparished area"
138791,Frome Vale Academy,Primary,Academy Sponsor Led,Bristol,BS16 2QS,Not applicable,Cabot Learning Federation,202,4,11,Not applicable,South West,South West,Bristol North East,5,1,11/01/2022,15/02/2022,51.490167,-2.516447,E00073705,Bristol 013D,Bristol 013,Frome Vale,"Bristol, City of","Bristol, City of, unparished area"
138794,Fishponds CofE Primary School,Primary,Academy Sponsor Led,Bristol,BS16 3UH,Not applicable,Lighthouse Schools Partnership,330,4,11,Not applicable,South West,South West,Bristol North East,4,2,09/03/2022,10/05/2022,51.479689,-2.531204,E00073693,Bristol 013A,Bristol 013,Frome Vale,"Bristol, City of","Bristol, City of, unparished area"
138855,Redland Green School,Secondary,Academy Converter,Bristol,BS6 7EH,Non-selective,Excalibur Academies Trust,1676,11,18,Has a sixth form,South West,South West,Bristol Central,1,2,06/12/2023,23/01/2024,51.472855,-2.603821,E00074087,Bristol 020D,Bristol 020,Redland,"Bristol, City of","Bristol, City of, unparished area"
138900,Little Mead Primary Academy,Primary,Academy Converter,Bristol,BS10 6DS,Not applicable,Trust in Learning (Academies),447,3,11,Does not have a sixth form,South West,South West,Bristol North West,4,3,06/06/2023,18/07/2023,51.504683,-2.605999,E00074202,Bristol 002G,Bristol 002,Southmead,"Bristol, City of","Bristol, City of, unparished area"
138904,Parson Street Primary School,Primary,Academy Converter,Bristol,BS3 5NR,Not applicable,Trust in Learning (Academies),264,3,11,Does not have a sixth form,South West,South West,Bristol South,5,2,09/07/2024,25/09/2024,51.433048,-2.603958,E00073256,Bristol 039A,Bristol 039,Filwood,"Bristol, City of","Bristol, City of, unparished area"
138985,Broadlands Academy,Secondary,Academy Sponsor Led,Bath and North East Somerset,BS31 2DY,Non-selective,LIFT SCHOOLS,362,11,16,Does not have a sixth form,South West,South West,North East Somerset and Hanham,3,2,19/04/2023,14/06/2023,51.416855,-2.508947,E00189514,Bath and North East Somerset 001A,Bath and North East Somerset 001,Keynsham North,Bath and North East Somerset,Keynsham
139033,St Teresa's Catholic Primary School,Primary,Academy Converter,Bristol,BS7 0UP,Not applicable,THE CARDINAL NEWMAN CATHOLIC EDUCATIONAL TRUST,209,4,11,Does not have a sixth form,South West,South West,Bristol North West,4,2,11/06/2024,07/07/2024,51.499778,-2.589193,E00073918,Bristol 004A,Bristol 004,Horfield,"Bristol, City of","Bristol, City of, unparished area"
139049,Bridge Learning Campus,Secondary,Academy Sponsor Led,Bristol,BS13 0RL,Non-selective,Trust in Learning (Academies),1241,3,16,Does not have a sixth form,South West,South West,Bristol South,5,2,05/10/2021,10/11/2021,51.407426,-2.588881,E00178051,Bristol 053F,Bristol 053,Hengrove and Whitchurch Park,"Bristol, City of","Bristol, City of, unparished area"
139050,E-Act Bannerman Road Community Academy,Primary,Academy Sponsor Led,Bristol,BS5 0HR,Not applicable,E-ACT,418,3,11,Does not have a sixth form,South West,South West,Bristol East,5,2,13/07/2022,26/09/2022,51.463701,-2.564184,E00074013,Bristol 055B,Bristol 055,Lawrence Hill,"Bristol, City of","Bristol, City of, unparished area"
139116,Henbury Court Primary Academy,Primary,Academy Sponsor Led,Bristol,BS10 7NY,Not applicable,Trust in Learning (Academies),309,3,11,Does not have a sixth form,South West,South West,Bristol North West,5,Not judged,01/10/2024,19/11/2024,51.510116,-2.627844,E00073755,Bristol 001B,Bristol 001,Henbury and Brentry,"Bristol, City of","Bristol, City of, unparished area"
139247,E-Act the Kingfisher School,Primary,Academy Sponsor Led,Bristol,BS4 4BJ,Not applicable,E-ACT,133,3,11,Does not have a sixth form,South West,South West,Bristol East,5,2,11/07/2023,19/09/2023,51.449879,-2.543708,E00073351,Bristol 035B,Bristol 035,Brislington East,"Bristol, City of","Bristol, City of, unparished area"
139505,Stoke Bishop Church of England Primary School,Primary,Academy Converter,Bristol,BS9 1BW,Not applicable,NULL,395,4,11,Does not have a sixth form,South West,South West,Bristol North West,3,2,20/06/2012,06/07/2012,51.484355,-2.639416,E00074320,Bristol 015C,Bristol 015,Stoke Bishop,"Bristol, City of","Bristol, City of, unparished area"
139828,Cathedral Primary School,Primary,Free School,Bristol,BS1 5TS,Non-selective,Cathedral Schools Trust,419,4,11,Does not have a sixth form,South West,South West,Bristol Central,4,Not judged,15/10/2024,20/11/2024,51.451209,-2.600786,E00178046,Bristol 061C,Bristol 061,Hotwells and Harbourside,"Bristol, City of","Bristol, City of, unparished area"
140079,Three Ways School,Special,Academy Special Converter,Bath and North East Somerset,BA2 5RF,Not applicable,NULL,250,4,19,Has a sixth form,South West,South West,Bath,3,2,10/05/2022,03/07/2022,51.355868,-2.371107,E00072825,Bath and North East Somerset 017B,Bath and North East Somerset 017,Odd Down,Bath and North East Somerset,"Bath and North East Somerset, unparished area"
140267,Redfield Educate Together Primary Academy,Primary,Academy Sponsor Led,Bristol,BS5 9RH,Non-selective,Educate Together Academy Trust,314,4,11,Does not have a sixth form,South West,South West,Bristol East,4,3,21/05/2024,17/06/2024,51.457873,-2.55516,E00073587,Bristol 029B,Bristol 029,Easton,"Bristol, City of","Bristol, City of, unparished area"
140268,Oasis Academy Marksbury Road,Primary,Academy Sponsor Led,Bristol,BS3 5JL,Not applicable,OASIS COMMUNITY LEARNING,373,4,11,Does not have a sixth form,South West,South West,Bristol South,5,1,10/07/2018,13/09/2018,51.434271,-2.589775,E00074406,Bristol 040D,Bristol 040,Filwood,"Bristol, City of","Bristol, City of, unparished area"
140269,E-Act Fairlawn Primary School,Primary,Academy Sponsor Led,Bristol,BS6 5JL,Not applicable,E-ACT,229,4,11,Does not have a sixth form,South West,South West,Bristol Central,4,2,26/04/2018,05/06/2018,51.470136,-2.581411,E00073169,Bristol 058B,Bristol 058,Ashley,"Bristol, City of","Bristol, City of, unparished area"
140409,Oasis Academy Long Cross,Primary,Academy Sponsor Led,Bristol,BS11 0LP,Not applicable,OASIS COMMUNITY LEARNING,521,2,11,Does not have a sixth form,South West,South West,Bristol North West,5,2,14/09/2016,18/10/2016,51.497076,-2.667238,E00073216,Bristol 003A,Bristol 003,Avonmouth and Lawrence Weston,"Bristol, City of","Bristol, City of, unparished area"
140452,St John's CofE Primary School,Primary,Academy Converter,Bath and North East Somerset,BA3 2JN,Not applicable,Midsomer Norton Schools Partnership,392,2,11,Does not have a sixth form,South West,South West,Frome and East Somerset,2,2,12/10/2010,05/11/2010,51.284631,-2.487296,E00072867,Bath and North East Somerset 027B,Bath and North East Somerset 027,Midsomer Norton Redfield,Bath and North East Somerset,Midsomer Norton
140677,North Star 180°,Special,Academy Special Sponsor Led,Bath and North East Somerset,BA2 5RF,Not applicable,NORTH STAR ACADEMY TRUST,103,4,16,Does not have a sixth form,South West,South West,Bath,3,2,23/04/2024,09/06/2024,51.355868,-2.371107,E00072825,Bath and North East Somerset 017B,Bath and North East Somerset 017,Odd Down,Bath and North East Somerset,"Bath and North East Somerset, unparished area"
140728,Hotwells Primary School,Primary,Academy Converter,Bristol,BS8 4ND,Not applicable,Cathedral Schools Trust,133,4,11,Does not have a sixth form,South West,South West,Bristol Central,3,2,27/09/2022,13/11/2022,51.451138,-2.62135,E00073463,Bristol 034A,Bristol 034,Clifton,"Bristol, City of","Bristol, City of, unparished area"
141110,Easton CofE Primary School,Primary,Academy Sponsor Led,Bristol,BS5 0SQ,Not applicable,Lighthouse Schools Partnership,399,3,11,Does not have a sixth form,South West,South West,Bristol East,5,Not judged,29/04/2025,17/06/2025,51.460445,-2.573745,E00074025,Bristol 056A,Bristol 056,Lawrence Hill,"Bristol, City of","Bristol, City of, unparished area"
141149,High Littleton CofE VC Primary School,Primary,Academy Converter,Bath and North East Somerset,BS39 6HF,Not applicable,Midsomer Norton Schools Partnership,185,4,11,Does not have a sixth form,South West,South West,North East Somerset and Hanham,1,Not judged,21/01/2025,11/02/2025,51.320031,-2.510832,E00072698,Bath and North East Somerset 023A,Bath and North East Somerset 023,High Littleton,Bath and North East Somerset,High Littleton
141652,Oasis Academy Brislington,Secondary,Academy Sponsor Led,Bristol,BS4 5EY,Non-selective,OASIS COMMUNITY LEARNING,1366,11,18,Has a sixth form,South West,South West,Bristol East,3,2,20/10/2021,21/11/2021,51.425561,-2.538601,E00073386,Bristol 043D,Bristol 043,Brislington West,"Bristol, City of","Bristol, City of, unparished area"
141705,Fairfield High School,Secondary,Academy Converter,Bristol,BS7 9NL,Non-selective,Excalibur Academies Trust,1082,11,16,Does not have a sixth form,South West,South West,Bristol North East,3,2,11/06/2013,03/07/2013,51.475056,-2.572071,E00074054,Bristol 014C,Bristol 014,Lockleaze,"Bristol, City of","Bristol, City of, unparished area"
141706,Four Acres Academy,Primary,Academy Converter,Bristol,BS13 8RB,Non-selective,FUTURA LEARNING PARTNERSHIP,440,2,11,Does not have a sixth form,South West,South West,Bristol South,5,2,17/10/2023,23/11/2023,51.408354,-2.628361,E00073311,Bristol 050B,Bristol 050,Hartcliffe and Withywood,"Bristol, City of","Bristol, City of, unparished area"
141767,Clutton Primary School,Primary,Academy Converter,Bath and North East Somerset,BS39 5RA,Not applicable,Midsomer Norton Schools Partnership,134,4,11,Does not have a sixth form,South West,South West,North East Somerset and Hanham,2,2,22/01/2014,13/02/2014,51.330624,-2.54079,E00072662,Bath and North East Somerset 020B,Bath and North East Somerset 020,Clutton & Farmborough,Bath and North East Somerset,Clutton
142032,Woodlands Academy,Primary,Academy Sponsor Led,Bristol,BS14 8DQ,Not applicable,Cabot Learning Federation,163,3,11,Does not have a sixth form,South West,South West,Bristol East,4,2,12/07/2022,22/09/2022,51.413015,-2.552775,E00074290,Bristol 049E,Bristol 049,Stockwood,"Bristol, City of","Bristol, City of, unparished area"
142125,Somerset Studio School,Secondary,Studio School,Bath and North East Somerset,BA3 3NQ,Unknown,Midsomer Norton Schools Partnership,138,14,19,Has a sixth form,South West,South West,Frome and East Somerset,2,2,15/03/2018,23/04/2018,51.287369,-2.430883,E00072982,Bath and North East Somerset 024C,Bath and North East Somerset 024,Radstock,Bath and North East Somerset,Radstock
142127,IKB Academy,Secondary,Studio School,Bath and North East Somerset,BS31 1SP,Unknown,FUTURA LEARNING PARTNERSHIP,135,14,19,Has a sixth form,South West,South West,North East Somerset and Hanham,2,2,05/04/2022,25/05/2022,51.412165,-2.486838,E00072717,Bath and North East Somerset 003D,Bath and North East Somerset 003,Keynsham East,Bath and North East Somerset,Keynsham
142227,St John's Church of England Primary School,Primary,Academy Converter,Bath and North East Somerset,BS31 2NB,Not applicable,FUTURA LEARNING PARTNERSHIP,201,4,11,Does not have a sixth form,South West,South West,North East Somerset and Hanham,3,2,02/07/2024,09/09/2024,51.411037,-2.504698,E00072744,Bath and North East Somerset 002B,Bath and North East Somerset 002,Keynsham South,Bath and North East Somerset,Keynsham
142569,Snowdon Village,PRU,Free School - Alternative Provision,Bristol,BS5 9QR,Unknown,Cabot Learning Federation,50,4,16,Does not have a sixth form,South West,South West,Bristol East,4,2,07/06/2023,27/07/2023,51.455563,-2.560601,E00073596,Bristol 029C,Bristol 029,Easton,"Bristol, City of","Bristol, City of, unparished area"
142715,Moorlands Infant School,Primary,Academy Converter,Bath and North East Somerset,BA2 2DQ,Not applicable,THE PARTNERSHIP TRUST,177,5,7,Does not have a sixth form,South West,South West,Bath,2,2,16/05/2023,09/07/2023,51.370724,-2.376371,E00072919,Bath and North East Somerset 014C,Bath and North East Somerset 014,Moorlands,Bath and North East Somerset,"Bath and North East Somerset, unparished area"
142716,Moorlands Junior School,Primary,Academy Converter,Bath and North East Somerset,BA2 2DE,Not applicable,THE PARTNERSHIP TRUST,237,7,11,Does not have a sixth form,South West,South West,Bath,2,2,28/02/2023,04/05/2023,51.369105,-2.373642,E00072816,Bath and North East Somerset 017C,Bath and North East Somerset 017,Moorlands,Bath and North East Somerset,"Bath and North East Somerset, unparished area"
142754,Weston All Saints CofE Primary School,Primary,Academy Converter,Bath and North East Somerset,BA1 4JR,Not applicable,THE PARTNERSHIP TRUST,464,4,11,Does not have a sixth form,South West,South West,Bath,2,2,26/09/2023,13/11/2023,51.400787,-2.39703,E00073123,Bath and North East Somerset 005A,Bath and North East Somerset 005,Weston,Bath and North East Somerset,"Bath and North East Somerset, unparished area"
142780,E-Act Venturers' Academy,Special,Free School Special,Bristol,BS13 9AX,Unknown,E-ACT,256,4,19,Has a sixth form,South West,South West,Bristol South,5,3,14/05/2024,18/06/2024,51.408523,-2.620139,E00073723,Bristol 051B,Bristol 051,Hartcliffe and Withywood,"Bristol, City of","Bristol, City of, unparished area"
142941,Welton Primary School,Primary,Academy Converter,Bath and North East Somerset,BA3 2AG,Not applicable,Midsomer Norton Schools Partnership,171,2,11,Does not have a sixth form,South West,South West,Frome and East Somerset,2,2,25/06/2019,08/09/2019,51.290008,-2.474088,E00072848,Bath and North East Somerset 025A,Bath and North East Somerset 025,Midsomer Norton North,Bath and North East Somerset,Midsomer Norton
142942,Longvernal Primary School,Primary,Academy Converter,Bath and North East Somerset,BA3 2LP,Not applicable,Midsomer Norton Schools Partnership,199,2,11,Does not have a sixth form,South West,South West,Frome and East Somerset,2,2,02/02/2023,21/03/2023,51.284498,-2.495339,E00072869,Bath and North East Somerset 027C,Bath and North East Somerset 027,Midsomer Norton Redfield,Bath and North East Somerset,Midsomer Norton
142943,Combe Down CofE Primary School,Primary,Academy Converter,Bath and North East Somerset,BA2 5JQ,Not applicable,Palladian Academy Trust,416,4,11,Does not have a sixth form,South West,South West,Bath,3,2,19/09/2013,11/10/2013,51.359329,-2.348156,E00072680,Bath and North East Somerset 018C,Bath and North East Somerset 018,Combe Down,Bath and North East Somerset,"Bath and North East Somerset, unparished area"
143010,Widcombe Infant School,Primary,Academy Converter,Bath and North East Somerset,BA2 4JG,Not applicable,Palladian Academy Trust,178,5,7,Does not have a sixth form,South West,South West,Bath,1,2,03/11/2021,06/12/2021,51.378142,-2.353213,E00073131,Bath and North East Somerset 012E,Bath and North East Somerset 012,Widcombe & Lyncombe,Bath and North East Somerset,"Bath and North East Somerset, unparished area"
143083,Saltford CofE Primary School,Primary,Academy Converter,Bath and North East Somerset,BS31 3DW,Not applicable,FUTURA LEARNING PARTNERSHIP,423,4,11,Does not have a sixth form,South West,South West,North East Somerset and Hanham,1,1,28/02/2023,16/05/2023,51.400883,-2.461734,E00072988,Bath and North East Somerset 016C,Bath and North East Somerset 016,Saltford,Bath and North East Somerset,Saltford
143108,St Martin's Garden Primary School,Primary,Academy Sponsor Led,Bath and North East Somerset,BA2 2UN,Not applicable,Palladian Academy Trust,204,3,11,Does not have a sixth form,South West,South West,Bath,4,3,18/07/2023,14/09/2023,51.357024,-2.375138,E00072825,Bath and North East Somerset 017B,Bath and North East Somerset 017,Odd Down,Bath and North East Somerset,"Bath and North East Somerset, unparished area"
143403,Hareclive E-ACT Academy,Primary,Academy Sponsor Led,Bristol,BS13 0HP,Not applicable,E-ACT,313,4,11,Not applicable,South West,South West,Bristol South,5,1,03/07/2019,29/07/2019,51.406488,-2.603605,E00074393,Bristol 053B,Bristol 053,Hartcliffe and Withywood,"Bristol, City of","Bristol, City of, unparished area"
143557,Oldfield Park Infant School,Primary,Academy Converter,Bath and North East Somerset,BA2 3RF,Not applicable,Palladian Academy Trust,180,5,7,Does not have a sixth form,South West,South West,Bath,3,2,08/07/2015,08/09/2015,51.381168,-2.377779,E00189515,Bath and North East Somerset 013F,Bath and North East Somerset 013,Westmoreland,Bath and North East Somerset,"Bath and North East Somerset, unparished area"
143558,Oldfield Park Junior School,Primary,Academy Converter,Bath and North East Somerset,BA2 2JL,Not applicable,Palladian Academy Trust,248,7,11,Does not have a sixth form,South West,South West,Bath,3,2,03/10/2012,25/10/2012,51.373551,-2.383477,E00073101,Bath and North East Somerset 013D,Bath and North East Somerset 013,Southdown,Bath and North East Somerset,"Bath and North East Somerset, unparished area"
143559,Widcombe CofE Junior School,Primary,Academy Converter,Bath and North East Somerset,BA2 4JG,Not applicable,Palladian Academy Trust,237,7,11,Does not have a sixth form,South West,South West,Bath,1,Not judged,18/03/2025,05/05/2025,51.378142,-2.353213,E00073131,Bath and North East Somerset 012E,Bath and North East Somerset 012,Widcombe & Lyncombe,Bath and North East Somerset,"Bath and North East Somerset, unparished area"
143560,St Philip's CofE Primary School,Primary,Academy Converter,Bath and North East Somerset,BA2 2BN,Not applicable,Palladian Academy Trust,277,4,11,Does not have a sixth form,South West,South West,Bath,3,Not judged,05/11/2024,28/11/2024,51.362084,-2.381485,E00072906,Bath and North East Somerset 019A,Bath and North East Somerset 019,Odd Down,Bath and North East Somerset,"Bath and North East Somerset, unparished area"
143915,Norton Hill Primary School,Primary,Free School,Bath and North East Somerset,BA3 2UD,Unknown,Midsomer Norton Schools Partnership,263,2,11,Does not have a sixth form,South West,South West,Frome and East Somerset,2,1,11/07/2023,18/09/2023,51.276477,-2.482621,E00189492,Bath and North East Somerset 027A,Bath and North East Somerset 027,Midsomer Norton Redfield,Bath and North East Somerset,Midsomer Norton
144281,Farrington Gurney Church of England Primary School,Primary,Academy Converter,Bath and North East Somerset,BS39 6TY,Not applicable,Midsomer Norton Schools Partnership,93,4,11,Does not have a sixth form,South West,South West,North East Somerset and Hanham,1,2,25/05/2011,15/06/2011,51.298497,-2.530574,E00072694,Bath and North East Somerset 023B,Bath and North East Somerset 023,High Littleton,Bath and North East Somerset,Farrington Gurney
144282,Marksbury CofE Primary School,Primary,Academy Converter,Bath and North East Somerset,BA2 9HS,Not applicable,THE PARTNERSHIP TRUST,92,4,11,Does not have a sixth form,South West,South West,Frome and East Somerset,2,2,02/07/2024,21/07/2024,51.36112,-2.479747,E00072693,Bath and North East Somerset 016A,Bath and North East Somerset 016,Bathavon South,Bath and North East Somerset,Marksbury
144283,Chandag Primary School,Primary,Academy Converter,Bath and North East Somerset,BS31 1PQ,Not applicable,FUTURA LEARNING PARTNERSHIP,427,2,11,Does not have a sixth form,South West,South West,North East Somerset and Hanham,1,2,09/10/2014,20/11/2014,51.408857,-2.486673,E00072704,Bath and North East Somerset 003D,Bath and North East Somerset 003,Keynsham East,Bath and North East Somerset,Keynsham
144285,St Matthias Academy,PRU,Academy Alternative Provision Converter,Bristol,BS16 2BG,Not applicable,Midsomer Norton Schools Partnership,43,5,16,Not applicable,South West,South West,Bristol North East,3,Not judged,24/09/2024,23/10/2024,51.478977,-2.537632,E00073627,Bristol 019A,Bristol 019,Eastville,"Bristol, City of","Bristol, City of, unparished area"
144286,Notton House Academy,Special,Academy Special Converter,Bristol,SN15 2NF,Not applicable,Midsomer Norton Schools Partnership,53,8,19,Has a sixth form,South West,South West,Chippenham,1,2,03/02/2015,02/03/2015,51.425972,-2.13001,E00162912,Wiltshire 018E,Wiltshire 018,Corsham Without,Wiltshire,Lacock
144509,The City Academy Bristol,Secondary,Academy Sponsor Led,Bristol,BS5 9JH,Unknown,Cabot Learning Federation,970,11,18,Has a sixth form,South West,South West,Bristol East,5,2,02/04/2019,06/05/2019,51.460195,-2.562169,E00073584,Bristol 055A,Bristol 055,Easton,"Bristol, City of","Bristol, City of, unparished area"
144655,Knowle DGE Academy,Special,Academy Special Converter,Bristol,BS4 1QY,Not applicable,Midsomer Norton Schools Partnership,163,5,19,Has a sixth form,South West,South West,Bristol South,5,2,11/06/2024,14/07/2024,51.425426,-2.598175,E00073651,Bristol 045A,Bristol 045,Filwood,"Bristol, City of","Bristol, City of, unparished area"
144724,St Mary Redcliffe Church of England Primary School,Primary,Academy Sponsor Led,Bristol,BS3 4DP,Not applicable,Lighthouse Schools Partnership,398,3,11,Not applicable,South West,South West,Bristol South,4,2,16/11/2021,13/01/2022,51.441871,-2.58934,E00074425,Bristol 040C,Bristol 040,Windmill Hill,"Bristol, City of","Bristol, City of, unparished area"
144737,Abbot Alphege Academy,Primary,Free School,Bath and North East Somerset,BA1 9AU,Unknown,THE PARTNERSHIP TRUST,0,4,11,Does not have a sixth form,South West,South West,Bath,1,3,19/01/2022,28/03/2022,51.407721,-2.374777,E00189553,Bath and North East Somerset 007E,Bath and North East Somerset 007,Lansdown,Bath and North East Somerset,"Bath and North East Somerset, unparished area"
144762,Somerdale Educate Together Primary Academy,Primary,Free School,Bath and North East Somerset,BS31 2FF,Unknown,Educate Together Academy Trust,228,4,11,Does not have a sixth form,South West,South West,North East Somerset and Hanham,3,2,01/03/2022,05/05/2022,51.421784,-2.495857,E00189571,Bath and North East Somerset 001B,Bath and North East Somerset 001,Keynsham North,Bath and North East Somerset,Keynsham
144779,Badocks Wood E-ACT Academy,Primary,Academy Sponsor Led,Bristol,BS10 5PU,Not applicable,E-ACT,207,3,11,Does not have a sixth form,South West,South West,Bristol North West,5,2,30/11/2022,22/01/2023,51.49967,-2.605125,E00074217,Bristol 002D,Bristol 002,Southmead,"Bristol, City of","Bristol, City of, unparished area"
144830,Midsomer Norton Primary School,Primary,Academy Converter,Bath and North East Somerset,BA3 2DR,Not applicable,Midsomer Norton Schools Partnership,270,2,11,Does not have a sixth form,South West,South West,Frome and East Somerset,2,2,07/02/2013,04/03/2013,51.286969,-2.480652,E00072854,Bath and North East Somerset 025D,Bath and North East Somerset 025,Midsomer Norton Redfield,Bath and North East Somerset,Midsomer Norton
144863,Victoria Park Primary School,Primary,Academy Converter,Bristol,BS3 4QS,Not applicable,Cathedral Schools Trust,405,4,11,Does not have a sixth form,South West,South West,Bristol South,3,2,30/01/2013,03/04/2013,51.436901,-2.589018,E00074404,Bristol 040D,Bristol 040,Windmill Hill,"Bristol, City of","Bristol, City of, unparished area"
144864,Headley Park Primary School,Primary,Academy Converter,Bristol,BS13 7QB,Not applicable,Cathedral Schools Trust,430,3,11,Does not have a sixth form,South West,South West,Bristol South,4,Not judged,01/10/2024,23/10/2024,51.417585,-2.610296,E00073711,Bristol 048C,Bristol 048,Bishopsworth,"Bristol, City of","Bristol, City of, unparished area"
144880,Perry Court E-ACT Academy,Primary,Academy Sponsor Led,Bristol,BS14 0AX,Not applicable,E-ACT,464,3,11,Does not have a sixth form,South West,South West,Bristol South,5,2,26/01/2022,13/03/2022,51.41669,-2.572045,E00073791,Bristol 047B,Bristol 047,Hengrove and Whitchurch Park,"Bristol, City of","Bristol, City of, unparished area"
144892,Fonthill Primary Academy,Primary,Academy Converter,Bristol,BS10 5SW,Not applicable,Trust in Learning (Academies),226,3,11,Does not have a sixth form,South West,South West,Bristol North West,5,2,28/09/2022,09/11/2022,51.505871,-2.591635,E00074204,Bristol 002E,Bristol 002,Southmead,"Bristol, City of","Bristol, City of, unparished area"
145070,Farmborough Church Primary School,Primary,Academy Converter,Bath and North East Somerset,BA2 0FY,Not applicable,THE PARTNERSHIP TRUST,150,4,11,Does not have a sixth form,South West,South West,North East Somerset and Hanham,1,Not judged,19/11/2024,12/01/2025,51.343064,-2.49294,E00072692,Bath and North East Somerset 016A,Bath and North East Somerset 016,Clutton & Farmborough,Bath and North East Somerset,Farmborough
145320,Compass Point Primary School,Primary,Academy Converter,Bristol,BS3 3AU,Not applicable,Excalibur Academies Trust,220,3,11,Does not have a sixth form,South West,South West,Bristol South,4,2,02/11/2022,12/01/2023,51.438825,-2.606537,E00073228,Bristol 039H,Bristol 039,Bedminster,"Bristol, City of","Bristol, City of, unparished area"
145321,Ashton Vale Primary School,Primary,Academy Converter,Bristol,BS3 2QG,Not applicable,Excalibur Academies Trust,162,4,11,Does not have a sixth form,South West,South West,Bristol South,4,Not judged,04/03/2025,03/04/2025,51.433324,-2.626647,E00073253,Bristol 041A,Bristol 041,Bedminster,"Bristol, City of","Bristol, City of, unparished area"
145398,Ashton Park School,Secondary,Academy Sponsor Led,Bristol,BS3 2JL,Non-selective,Excalibur Academies Trust,1252,11,18,Has a sixth form,South West,South West,Bristol South,3,2,08/11/2022,15/01/2023,51.440577,-2.630645,E00178099,Bristol 036A,Bristol 036,Bedminster,"Bristol, City of","Bristol, City of, unparished area"
145399,Luckwell Primary School,Primary,Academy Sponsor Led,Bristol,BS3 3ET,Not applicable,Excalibur Academies Trust,76,4,11,Does not have a sixth form,South West,South West,Bristol South,3,Not judged,14/01/2025,11/02/2025,51.437302,-2.612402,E00073236,Bristol 041B,Bristol 041,Bedminster,"Bristol, City of","Bristol, City of, unparished area"
145482,Chew Valley School,Secondary,Academy Converter,Bath and North East Somerset,BS40 8QB,Non-selective,Lighthouse Schools Partnership,1188,11,18,Has a sixth form,South West,South West,North East Somerset and Hanham,2,2,07/05/2015,05/06/2015,51.358541,-2.622911,E00072646,Bath and North East Somerset 021A,Bath and North East Somerset 021,Chew Valley,Bath and North East Somerset,Chew Stoke
145511,Bathampton Primary School,Primary,Academy Converter,Bath and North East Somerset,BA2 6TQ,Not applicable,The Bath and Wells Diocesan Academies Trust,173,4,11,Does not have a sixth form,South West,South West,Bath,1,2,17/01/2023,10/03/2023,51.397396,-2.314637,E00072593,Bath and North East Somerset 010B,Bath and North East Somerset 010,Bathavon North,Bath and North East Somerset,Bathampton
145512,Batheaston Church School,Primary,Academy Converter,Bath and North East Somerset,BA1 7EP,Not applicable,The Bath and Wells Diocesan Academies Trust,194,4,11,Does not have a sixth form,South West,South West,Bath,2,2,17/05/2022,12/07/2022,51.408973,-2.319735,E00072602,Bath and North East Somerset 010A,Bath and North East Somerset 010,Bathavon North,Bath and North East Somerset,Batheaston
145513,St Saviours Junior Church School,Primary,Academy Converter,Bath and North East Somerset,BA1 6TG,Not applicable,The Bath and Wells Diocesan Academies Trust,147,7,11,Does not have a sixth form,South West,South West,Bath,2,2,06/03/2013,11/04/2013,51.399597,-2.347039,E00072781,Bath and North East Somerset 004A,Bath and North East Somerset 004,Lambridge,Bath and North East Somerset,"Bath and North East Somerset, unparished area"
145514,St Saviours Infant Church School,Primary,Academy Converter,Bath and North East Somerset,BA1 6NY,Not applicable,The Bath and Wells Diocesan Academies Trust,145,3,7,Does not have a sixth form,South West,South West,Bath,1,2,08/06/2022,21/09/2022,51.399509,-2.349367,E00072784,Bath and North East Somerset 004A,Bath and North East Somerset 004,Lambridge,Bath and North East Somerset,"Bath and North East Somerset, unparished area"
145515,Bathwick St Mary Church School,Primary,Academy Converter,Bath and North East Somerset,BA2 6NN,Not applicable,The Bath and Wells Diocesan Academies Trust,217,4,11,Does not have a sixth form,South West,South West,Bath,1,2,22/11/2022,17/01/2023,51.389071,-2.346054,E00072633,Bath and North East Somerset 012A,Bath and North East Somerset 012,Bathwick,Bath and North East Somerset,"Bath and North East Somerset, unparished area"
145516,St Andrew's Church School,Primary,Academy Converter,Bath and North East Somerset,BA1 2SN,Not applicable,The Bath and Wells Diocesan Academies Trust,237,3,11,Does not have a sixth form,South West,South West,Bath,3,2,26/04/2022,03/07/2022,51.388864,-2.366646,E00072762,Bath and North East Somerset 009E,Bath and North East Somerset 009,Lansdown,Bath and North East Somerset,"Bath and North East Somerset, unparished area"
145517,St Stephens Church School,Primary,Academy Converter,Bath and North East Somerset,BA1 5PZ,Not applicable,The Bath and Wells Diocesan Academies Trust,355,4,11,Does not have a sixth form,South West,South West,Bath,1,2,11/03/2015,17/04/2015,51.395758,-2.361642,E00072799,Bath and North East Somerset 007D,Bath and North East Somerset 007,Lansdown,Bath and North East Somerset,"Bath and North East Somerset, unparished area"
145582,Bathford Church School,Primary,Academy Converter,Bath and North East Somerset,BA1 7UB,Not applicable,The Bath and Wells Diocesan Academies Trust,139,4,11,Does not have a sixth form,South West,South West,Bath,1,Not judged,21/01/2025,02/03/2025,51.399957,-2.301444,E00072606,Bath and North East Somerset 010D,Bath and North East Somerset 010,Bathavon North,Bath and North East Somerset,Bathford
145583,Freshford Church School,Primary,Academy Converter,Bath and North East Somerset,BA2 7WE,Non-selective,The Bath and Wells Diocesan Academies Trust,160,4,11,Does not have a sixth form,South West,South West,Frome and East Somerset,1,2,02/07/2014,06/09/2014,51.33937,-2.305167,E00072615,Bath and North East Somerset 010G,Bath and North East Somerset 010,Bathavon South,Bath and North East Somerset,Freshford
145716,St Michaels Junior Church School,Primary,Academy Sponsor Led,Bath and North East Somerset,BA2 1RW,Not applicable,The Bath and Wells Diocesan Academies Trust,138,7,11,Does not have a sixth form,South West,South West,Bath,5,2,14/06/2022,21/09/2022,51.381172,-2.403341,E00073046,Bath and North East Somerset 011C,Bath and North East Somerset 011,Twerton & Whiteway,Bath and North East Somerset,"Bath and North East Somerset, unparished area"
145899,Mulberry Park Educate Together Primary Academy,Primary,Free School,Bath and North East Somerset,BA2 5BU,Unknown,Educate Together Academy Trust,182,4,11,Does not have a sixth form,South West,South West,Bath,3,2,30/11/2022,22/01/2023,51.36084,-2.353855,E00072681,Bath and North East Somerset 018C,Bath and North East Somerset 018,Combe Down,Bath and North East Somerset,"Bath and North East Somerset, unparished area"
146101,Evergreen Primary Academy,Primary,Academy Sponsor Led,Bristol,BS5 0YR,Not applicable,Cabot Learning Federation,148,3,11,Does not have a sixth form,South West,South West,Bristol East,5,2,11/01/2023,05/03/2023,51.466558,-2.572109,E00074011,Bristol 056A,Bristol 056,Lawrence Hill,"Bristol, City of","Bristol, City of, unparished area"
146261,Stoke Park Primary School,Primary,Academy Converter,Bristol,BS7 9BY,Not applicable,Cathedral Schools Trust,222,3,11,Does not have a sixth form,South West,South West,Bristol North East,5,2,03/10/2023,12/11/2023,51.486113,-2.566866,E00074047,Bristol 014B,Bristol 014,Lockleaze,"Bristol, City of","Bristol, City of, unparished area"
146263,Roundhill Primary School,Primary,Academy Sponsor Led,Bath and North East Somerset,BA2 1LG,Non-selective,THE PARTNERSHIP TRUST,259,2,11,Does not have a sixth form,South West,South West,Bath,4,4,27/06/2023,27/09/2023,51.368029,-2.394779,E00073012,Bath and North East Somerset 015B,Bath and North East Somerset 015,Southdown,Bath and North East Somerset,"Bath and North East Somerset, unparished area"
146396,St Julian's Church School,Primary,Academy Converter,Bath and North East Somerset,BA2 8QS,Not applicable,Midsomer Norton Schools Partnership,112,4,11,Does not have a sixth form,South West,South West,Frome and East Somerset,1,2,25/09/2018,16/10/2018,51.323675,-2.371938,E00072622,Bath and North East Somerset 010H,Bath and North East Somerset 010,Bathavon South,Bath and North East Somerset,Wellow
146409,Westfield Primary School,Primary,Academy Converter,Bath and North East Somerset,BA3 3XX,Not applicable,Midsomer Norton Schools Partnership,374,2,11,Not applicable,South West,South West,Frome and East Somerset,2,2,24/01/2023,14/03/2023,51.282792,-2.470916,E00073079,Bath and North East Somerset 026D,Bath and North East Somerset 026,Westfield,Bath and North East Somerset,Westfield
146424,Shoscombe Church School,Primary,Academy Converter,Bath and North East Somerset,BA2 8NB,Not applicable,Midsomer Norton Schools Partnership,117,3,11,Does not have a sixth form,South West,South West,Frome and East Somerset,2,2,21/05/2014,17/06/2014,51.303894,-2.406464,E00072619,Bath and North East Somerset 010H,Bath and North East Somerset 010,Bathavon South,Bath and North East Somerset,Shoscombe
146572,Wansdyke Primary School,Primary,Academy Converter,Bristol,BS14 0DU,Not applicable,FUTURA LEARNING PARTNERSHIP,209,4,11,Does not have a sixth form,South West,South West,Bristol South,5,2,18/01/2023,05/03/2023,51.406872,-2.581009,E00074376,Bristol 052D,Bristol 052,Hengrove and Whitchurch Park,"Bristol, City of","Bristol, City of, unparished area"
146687,Cheddar Grove Primary School,Primary,Academy Converter,Bristol,BS13 7EN,Not applicable,FUTURA LEARNING PARTNERSHIP,453,3,11,Does not have a sixth form,South West,South West,Bristol South,4,2,27/06/2023,14/09/2023,51.423831,-2.616191,E00073326,Bristol 046B,Bristol 046,Bishopsworth,"Bristol, City of","Bristol, City of, unparished area"
146689,Ubley Church of England Primary School,Primary,Academy Converter,Bath and North East Somerset,BS40 6PJ,Not applicable,Lighthouse Schools Partnership,74,4,11,Does not have a sixth form,South West,South West,North East Somerset and Hanham,1,2,27/06/2023,14/09/2023,51.321372,-2.677269,E00072656,Bath and North East Somerset 021B,Bath and North East Somerset 021,Chew Valley,Bath and North East Somerset,Ubley
146707,Stanton Drew Primary School,Primary,Academy Converter,Bath and North East Somerset,BS39 4EQ,Not applicable,Lighthouse Schools Partnership,57,4,11,Does not have a sixth form,South West,South West,North East Somerset and Hanham,1,Not judged,01/10/2024,10/11/2024,51.362622,-2.575739,E00072664,Bath and North East Somerset 020A,Bath and North East Somerset 020,Chew Valley,Bath and North East Somerset,Stanton Drew
146787,East Harptree Church of England Primary School,Primary,Academy Converter,Bath and North East Somerset,BS40 6BD,Not applicable,Lighthouse Schools Partnership,83,4,11,Does not have a sixth form,South West,South West,North East Somerset and Hanham,1,2,30/04/2013,24/05/2013,51.300713,-2.624566,E00072835,Bath and North East Somerset 021D,Bath and North East Somerset 021,Mendip,Bath and North East Somerset,East Harptree
146788,Bishop Sutton Primary School,Primary,Academy Converter,Bath and North East Somerset,BS39 5XD,Not applicable,Lighthouse Schools Partnership,171,4,11,Does not have a sixth form,South West,South West,North East Somerset and Hanham,1,2,03/07/2024,08/09/2024,51.333363,-2.597134,E00072652,Bath and North East Somerset 021C,Bath and North East Somerset 021,Chew Valley,Bath and North East Somerset,Stowey-Sutton
146952,Castle Primary School,Primary,Academy Sponsor Led,Bath and North East Somerset,BS31 2TS,Not applicable,THE PARTNERSHIP TRUST,365,2,11,Does not have a sixth form,South West,South West,North East Somerset and Hanham,3,2,03/10/2023,19/11/2023,51.405498,-2.506837,E00189507,Bath and North East Somerset 002D,Bath and North East Somerset 002,Keynsham South,Bath and North East Somerset,Keynsham
146964,May Park Primary School,Primary,Academy Sponsor Led,Bristol,BS5 6LE,Not applicable,Excalibur Academies Trust,468,3,11,Does not have a sixth form,South West,South West,Bristol North East,4,3,08/11/2023,15/01/2024,51.471646,-2.557558,E00073612,Bristol 057D,Bristol 057,Eastville,"Bristol, City of","Bristol, City of, unparished area"
146972,Beechen Cliff School,Secondary,Academy Converter,Bath and North East Somerset,BA2 4RE,Non-selective,Midsomer Norton Schools Partnership,1224,11,18,Has a sixth form,South West,South West,Bath,1,2,21/09/2023,08/11/2023,51.372258,-2.360322,E00073142,Bath and North East Somerset 012D,Bath and North East Somerset 012,Widcombe & Lyncombe,Bath and North East Somerset,"Bath and North East Somerset, unparished area"
146976,Cameley CEVC Primary School,Primary,Academy Converter,Bath and North East Somerset,BS39 5BD,Not applicable,THE PARTNERSHIP TRUST,156,3,11,Does not have a sixth form,South West,South West,North East Somerset and Hanham,2,2,21/05/2014,19/06/2014,51.320903,-2.540963,E00072833,Bath and North East Somerset 020C,Bath and North East Somerset 020,Mendip,Bath and North East Somerset,Temple Cloud with Cameley
146978,Pensford Primary School,Primary,Academy Converter,Bath and North East Somerset,BS39 4AA,Not applicable,THE PARTNERSHIP TRUST,101,4,11,Does not have a sixth form,South West,South West,North East Somerset and Hanham,1,2,22/03/2017,12/05/2017,51.373175,-2.550255,E00072965,Bath and North East Somerset 020D,Bath and North East Somerset 020,Publow & Whitchurch,Bath and North East Somerset,Publow
146979,Chew Magna Primary School,Primary,Academy Converter,Bath and North East Somerset,BS40 8RQ,Not applicable,THE PARTNERSHIP TRUST,95,4,11,Does not have a sixth form,South West,South West,North East Somerset and Hanham,1,2,12/09/2023,15/10/2023,51.368108,-2.607641,E00072641,Bath and North East Somerset 021A,Bath and North East Somerset 021,Chew Valley,Bath and North East Somerset,Chew Magna
147072,Trinity Academy,Secondary,Free School,Bristol,BS7 9BY,Non-selective,Cathedral Schools Trust,946,11,18,Has a sixth form,South West,South West,Bristol North East,4,2,23/01/2024,10/03/2024,51.486113,-2.566866,E00074047,Bristol 014B,Bristol 014,Lockleaze,"Bristol, City of","Bristol, City of, unparished area"
147173,Peasedown St John Primary School,Primary,Academy Converter,Bath and North East Somerset,BA2 8DH,Unknown,Midsomer Norton Schools Partnership,414,2,11,Does not have a sixth form,South West,South West,Frome and East Somerset,3,2,26/09/2023,16/11/2023,51.315019,-2.428617,E00072944,Bath and North East Somerset 022E,Bath and North East Somerset 022,Peasedown,Bath and North East Somerset,Peasedown St. John
147219,Blaise High School,Secondary,Academy Sponsor Led,Bristol,BS10 7QH,Unknown,Greenshaw Learning Trust,909,11,19,Has a sixth form,South West,South West,Bristol North West,5,2,27/09/2023,07/12/2023,51.510203,-2.630093,E00073757,Bristol 001G,Bristol 001,Henbury and Brentry,"Bristol, City of","Bristol, City of, unparished area"
147476,Elmlea Infant School,Primary,Academy Converter,Bristol,BS9 3UU,Not applicable,Russell Education Trust,269,5,7,Does not have a sixth form,South West,South West,Bristol North West,1,1,28/03/2023,25/05/2023,51.483409,-2.623186,E00074330,Bristol 009C,Bristol 009,Westbury-on-Trym and Henleaze,"Bristol, City of","Bristol, City of, unparished area"
147555,Swainswick Church School,Primary,Academy Converter,Bath and North East Somerset,BA1 8DB,Not applicable,The Bath and Wells Diocesan Academies Trust,74,4,11,Does not have a sixth form,South West,South West,Bath,1,1,18/06/2024,21/07/2024,51.413631,-2.350726,E00072613,Bath and North East Somerset 010C,Bath and North East Somerset 010,Bathavon North,Bath and North East Somerset,Swainswick
147652,Avanti Gardens School,Primary,Free School,Bristol,BS16 2JP,Unknown,Avanti Schools Trust,305,2,11,Does not have a sixth form,South West,South West,Bristol North East,4,2,06/02/2024,11/03/2024,51.483942,-2.529295,E00178107,Bristol 013C,Bristol 013,Frome Vale,"Bristol, City of","Bristol, City of, unparished area"
147800,Whitchurch Primary School,Primary,Academy Converter,Bath and North East Somerset,BS14 0PT,Not applicable,Lighthouse Schools Partnership,224,4,11,Does not have a sixth form,South West,South West,North East Somerset and Hanham,3,2,22/05/2018,29/06/2018,51.407441,-2.558301,E00072967,Bath and North East Somerset 020E,Bath and North East Somerset 020,Publow & Whitchurch,Bath and North East Somerset,Whitchurch
147801,St Mark's CofE School,Secondary,Academy Converter,Bath and North East Somerset,BA1 6ND,Non-selective,Midsomer Norton Schools Partnership,253,11,18,Has a sixth form,South West,South West,Bath,2,2,08/02/2022,03/04/2022,51.39892,-2.350886,E00072790,Bath and North East Somerset 004B,Bath and North East Somerset 004,Lambridge,Bath and North East Somerset,"Bath and North East Somerset, unparished area"
147861,Two Rivers Church of England Primary,Primary,Free School,Bath and North East Somerset,BS31 1GE,Non-selective,FUTURA LEARNING PARTNERSHIP,163,4,11,Does not have a sixth form,South West,South West,North East Somerset and Hanham,2,1,14/06/2023,30/07/2023,51.4094,-2.479102,E00072717,Bath and North East Somerset 003D,Bath and North East Somerset 003,Keynsham East,Bath and North East Somerset,Keynsham
147889,Soundwell Academy,Special,Free School Special,Bristol,BS16 4RL,Non-selective,Midsomer Norton Schools Partnership,140,5,18,Has a sixth form,South West,South West,Bristol North East,4,2,06/06/2023,19/07/2023,51.471883,-2.504997,E00075416,South Gloucestershire 026B,South Gloucestershire 026,New Cheltenham,South Gloucestershire,Kingswood
147890,St Mary's CofE Primary School,Primary,Academy Sponsor Led,Bath and North East Somerset,BA2 0JR,Not applicable,Midsomer Norton Schools Partnership,155,2,11,Does not have a sixth form,South West,South West,North East Somerset and Hanham,1,Not judged,15/10/2024,27/11/2024,51.329043,-2.471676,E00073023,Bath and North East Somerset 016G,Bath and North East Somerset 016,Timsbury,Bath and North East Somerset,Timsbury
147992,Paulton Infant School,Primary,Academy Converter,Bath and North East Somerset,BS39 7QY,Not applicable,THE PARTNERSHIP TRUST,164,5,7,Does not have a sixth form,South West,South West,North East Somerset and Hanham,1,2,03/07/2023,27/09/2023,51.303307,-2.502169,E00072933,Bath and North East Somerset 023C,Bath and North East Somerset 023,Paulton,Bath and North East Somerset,Paulton
147993,St Mary's Church of England Primary School,Primary,Academy Converter,Bath and North East Somerset,BA3 3NG,Not applicable,THE PARTNERSHIP TRUST,157,3,11,Does not have a sixth form,South West,South West,Frome and East Somerset,3,Not judged,10/12/2024,22/01/2025,51.288352,-2.427723,E00072982,Bath and North East Somerset 024C,Bath and North East Somerset 024,Radstock,Bath and North East Somerset,Radstock
148296,North Star 82°,Special,Academy Special Converter,Bristol,BS10 7AH,Not applicable,NORTH STAR ACADEMY TRUST,61,5,11,Does not have a sixth form,South West,South West,Bristol North West,5,2,15/04/2015,15/05/2015,51.507162,-2.630383,E00073762,Bristol 001G,Bristol 001,Henbury and Brentry,"Bristol, City of","Bristol, City of, unparished area"
148322,North Star 240°,Special,Academy Special Converter,Bristol,BS11 0QA,Not applicable,NORTH STAR ACADEMY TRUST,75,11,16,Not applicable,South West,South West,Bristol North West,5,2,22/02/2023,04/05/2023,51.503746,-2.656414,E00073949,Bristol 003C,Bristol 003,Avonmouth and Lawrence Weston,"Bristol, City of","Bristol, City of, unparished area"
148516,St Nicholas Church School,Primary,Academy Converter,Bath and North East Somerset,BA3 3QH,Not applicable,The Bath and Wells Diocesan Academies Trust,187,4,11,Does not have a sixth form,South West,South West,Frome and East Somerset,3,2,24/06/2015,03/09/2015,51.289319,-2.445902,E00189597,Bath and North East Somerset 024D,Bath and North East Somerset 024,Radstock,Bath and North East Somerset,Radstock
148679,St Werburgh's Primary School,Primary,Academy Converter,Bristol,BS2 9US,Not applicable,Cathedral Schools Trust,392,4,11,Does not have a sixth form,South West,South West,Bristol Central,4,2,10/07/2024,12/09/2024,51.470436,-2.573525,E00073156,Bristol 058A,Bristol 058,Ashley,"Bristol, City of","Bristol, City of, unparished area"
148841,Willow Park CofE Primary School,Primary,Voluntary Controlled School,Bristol,BS2 8BE,Unknown,NULL,69,4,11,Does not have a sixth form,South West,South West,Bristol Central,5,4,05/03/2024,15/05/2024,51.457205,-2.599411,E00073420,Bristol 060B,Bristol 060,Central,"Bristol, City of","Bristol, City of, unparished area"
148942,St Bernard's Catholic Primary School,Primary,Academy Converter,Bristol,BS11 9TU,Not applicable,THE CARDINAL NEWMAN CATHOLIC EDUCATIONAL TRUST,205,4,11,Does not have a sixth form,South West,South West,Bristol North West,4,2,18/10/2012,21/11/2012,51.487324,-2.675924,E00073205,Bristol 008D,Bristol 008,Avonmouth and Lawrence Weston,"Bristol, City of","Bristol, City of, unparished area"
149121,Cabot Primary School,Primary,Academy Converter,Bristol,BS2 9JE,Not applicable,Excalibur Academies Trust,197,4,11,Does not have a sixth form,South West,South West,Bristol Central,5,2,28/01/2015,26/02/2015,51.463052,-2.581205,E00073147,Bristol 058C,Bristol 058,Ashley,"Bristol, City of","Bristol, City of, unparished area"
149296,Bridge Farm Primary School,Primary,Academy Converter,Bristol,BS14 0LL,Not applicable,FUTURA LEARNING PARTNERSHIP,625,4,11,Does not have a sixth form,South West,South West,Bristol South,3,2,11/06/2024,14/07/2024,51.406267,-2.570622,E00073809,Bristol 052A,Bristol 052,Hengrove and Whitchurch Park,"Bristol, City of","Bristol, City of, unparished area"
149783,Oasis Academy Daventry Road,Secondary,Free School,Bristol,BS14 9SQ,Non-selective,OASIS COMMUNITY LEARNING,261,11,16,Does not have a sixth form,South West,South West,Bristol South,5,NULL,NULL,NULL,51.418926,-2.570779,E00073816,Bristol 047F,Bristol 047,Hengrove and Whitchurch Park,"Bristol, City of","Bristol, City of, unparished area"
149784,Oasis Academy Temple Quarter,Secondary,Free School,Bristol,BS3 4PZ,Non-selective,OASIS COMMUNITY LEARNING,278,11,18,Has a sixth form,South West,South West,Bristol South,3,NULL,NULL,NULL,51.444373,-2.585329,E00074229,Bristol 039E,Bristol 039,Southville,"Bristol, City of","Bristol, City of, unparished area"
149843,North Star 265°,PRU,Free School - Alternative Provision,Bristol,BS9 2NT,Non-selective,NORTH STAR ACADEMY TRUST,2,8,16,Does not have a sixth form,South West,South West,Bristol North West,NULL,NULL,NULL,NULL,51.492395,-2.647306,E00073958,Bristol 007A,Bristol 007,Avonmouth and Lawrence Weston,"Bristol, City of","Bristol, City of, unparished area"
149915,St Nicholas of Tolentine Catholic Primary School,Primary,Academy Converter,Bristol,BS5 0TJ,Not applicable,THE CARDINAL NEWMAN CATHOLIC EDUCATIONAL TRUST,135,4,11,Does not have a sixth form,South West,South West,Bristol East,5,4,15/06/2022,21/09/2022,51.459687,-2.577924,E00174253,Bristol 054D,Bristol 054,Lawrence Hill,"Bristol, City of","Bristol, City of, unparished area"
150226,Lansdown Park Academy,PRU,Academy Alternative Provision Converter,Bristol,BS14 8SJ,Not applicable,Cabot Learning Federation,6,5,16,Does not have a sixth form,South West,South West,Bristol East,5,4,09/02/2022,04/04/2022,51.408826,-2.544831,E00074292,Bristol 049F,Bristol 049,Stockwood,"Bristol, City of","Bristol, City of, unparished area"
150718,Wicklea Academy,Primary,Academy Sponsor Led,Bristol,BS4 4HR,Unknown,Cabot Learning Federation,220,7,11,Does not have a sixth form,South West,South West,Bristol East,4,3,15/09/2021,11/11/2021,51.444487,-2.54871,E00073394,Bristol 035F,Bristol 035,Brislington West,"Bristol, City of","Bristol, City of, unparished area"
150919,Ashton Gate Primary School,Primary,Academy Converter,Bristol,BS3 1SZ,Not applicable,Cathedral Schools Trust,751,4,11,Does not have a sixth form,South West,South West,Bristol South,2,1,05/03/2024,30/04/2024,51.443851,-2.615222,E00074247,Bristol 036A,Bristol 036,Southville,"Bristol, City of","Bristol, City of, unparished area"
150940,Henleaze Infant School,Primary,Academy Converter,Bristol,BS9 4LG,Not applicable,Cathedral Schools Trust,198,4,7,Does not have a sixth form,South West,South West,Bristol North West,1,2,13/09/2022,13/11/2022,51.485308,-2.605541,E00073846,Bristol 011A,Bristol 011,Westbury-on-Trym and Henleaze,"Bristol, City of","Bristol, City of, unparished area"
151116,Two Mile Hill Primary School,Primary,Academy Converter,Bristol,BS15 8AA,Not applicable,THE LEAF TRUST,554,4,11,Does not have a sixth form,South West,South West,Bristol East,4,3,21/06/2022,21/09/2022,51.461799,-2.518401,E00074121,Bristol 027C,Bristol 027,St George Central,"Bristol, City of","Bristol, City of, unparished area"
151174,St Bonaventure's Catholic Primary School,Primary,Academy Converter,Bristol,BS7 8HP,Not applicable,THE CARDINAL NEWMAN CATHOLIC EDUCATIONAL TRUST,403,4,11,Does not have a sixth form,South West,South West,Bristol Central,2,2,12/06/2013,04/07/2013,51.47738,-2.596306,E00073287,Bristol 016F,Bristol 016,Redland,"Bristol, City of","Bristol, City of, unparished area"
151299,E-Act Barton Hill Academy,Primary,Academy Sponsor Led,Bristol,BS5 9TX,Unknown,E-ACT,265,3,11,Does not have a sixth form,South West,South West,Bristol East,5,3,16/04/2024,14/05/2024,51.452607,-2.565645,E00074003,Bristol 056D,Bristol 056,Lawrence Hill,"Bristol, City of","Bristol, City of, unparished area"
151302,E-Act Merchants' Academy,Secondary,Academy Sponsor Led,Bristol,BS13 9AJ,Unknown,E-ACT,1070,3,18,Has a sixth form,South West,South West,Bristol South,5,4,19/03/2024,15/05/2024,51.411743,-2.611469,E00073717,Bristol 048A,Bristol 048,Hartcliffe and Withywood,"Bristol, City of","Bristol, City of, unparished area"
151303,E-Act Montpelier High School,Secondary,Academy Sponsor Led,Bristol,BS6 5RD,Unknown,E-ACT,851,11,18,Has a sixth form,South West,South West,Bristol Central,4,4,23/03/2022,16/06/2022,51.467758,-2.591228,E00073170,Bristol 020A,Bristol 020,Ashley,"Bristol, City of","Bristol, City of, unparished area"
151366,Nova Primary School,Primary,Academy Converter,Bristol,BS11 9NG,Not applicable,Trust in Learning (Academies),238,4,11,Does not have a sixth form,South West,South West,Bristol North West,5,2,05/07/2022,21/09/2022,51.496078,-2.682867,E00073219,Bristol 003B,Bristol 003,Avonmouth and Lawrence Weston,"Bristol, City of","Bristol, City of, unparished area"
151806,St John's Catholic Primary School,Primary,Academy Converter,Bath and North East Somerset,BA2 3NR,Not applicable,THE DUNSTAN CATHOLIC EDUCATIONAL TRUST,318,4,11,Does not have a sixth form,South West,South West,Bath,2,2,13/09/2023,18/10/2023,51.37336,-2.375861,E00072917,Bath and North East Somerset 014B,Bath and North East Somerset 014,Oldfield Park,Bath and North East Somerset,"Bath and North East Somerset, unparished area"
151807,St Mary's Catholic Primary School,Primary,Academy Converter,Bath and North East Somerset,BA1 4EH,Not applicable,THE DUNSTAN CATHOLIC EDUCATIONAL TRUST,185,4,11,Does not have a sixth form,South West,South West,Bath,2,Not judged,01/10/2024,10/11/2024,51.39481,-2.393514,E00072874,Bath and North East Somerset 008D,Bath and North East Somerset 008,Newbridge,Bath and North East Somerset,"Bath and North East Somerset, unparished area"
151920,Horfield Church of England Primary School,Primary,Academy Converter,Bristol,BS10 5BD,Not applicable,Lighthouse Schools Partnership,380,4,11,Does not have a sixth form,South West,South West,Bristol North West,3,3,16/04/2024,22/05/2024,51.493775,-2.59397,E00073898,Bristol 004C,Bristol 004,Horfield,"Bristol, City of","Bristol, City of, unparished area"
