urn,name,phase,ks2_expected_pct,ks2_higher_pct,ks2_reading_avg,ks2_maths_avg,p8,a8,ebacc_aps,eng_maths_5plus_pct,year,source_url
108910,Brunel Field Primary School,Primary,61.0,8.0,110.0,108.0,,,,,2024,https://explore-education-statistics.service.gov.uk/find-statistics/key-stage-2-attainment-national-experiment-statistics/2023-24
108911,Ashley Down Primary School,Primary,79.0,0.0,109.0,106.0,,,,,2024,https://explore-education-statistics.service.gov.uk/find-statistics/key-stage-2-attainment-national-experiment-statistics/2023-24
108919,Broomhill Junior School,Primary,61.0,2.0,103.0,104.0,,,,,2024,https://explore-education-statistics.service.gov.uk/find-statistics/key-stage-2-attainment-national-experiment-statistics/2023-24
108920,Chester Park Junior School,Primary,46.0,2.0,102.0,100.0,,,,,2024,https://explore-education-statistics.service.gov.uk/find-statistics/key-stage-2-attainment-national-experiment-statistics/2023-24
108931,Glenfrome Primary School,Primary,47.0,5.0,105.0,101.0,,,,,2024,https://explore-education-statistics.service.gov.uk/find-statistics/key-stage-2-attainment-national-experiment-statistics/2023-24
108961,Sefton Park Junior School,Primary,71.0,7.0,109.0,107.0,,,,,2024,https://explore-education-statistics.service.gov.uk/find-statistics/key-stage-2-attainment-national-experiment-statistics/2023-24
108964,Southville Primary School,Primary,72.0,9.0,107.0,106.0,,,,,2024,https://explore-education-statistics.service.gov.uk/find-statistics/key-stage-2-attainment-national-experiment-statistics/2023-24
108970,Upper Horfield Primary School,Primary,54.0,4.0,106.0,102.0,,,,,2024,https://explore-education-statistics.service.gov.uk/find-statistics/key-stage-2-attainment-national-experiment-statistics/2023-24
108975,Holymead Primary School,Primary,59.0,8.0,106.0,103.0,,,,,2024,https://explore-education-statistics.service.gov.uk/find-statistics/key-stage-2-attainment-national-experiment-statistics/2023-24
108980,Brentry Primary School,Primary,48.0,7.0,106.0,105.0,,,,,2024,https://explore-education-statistics.service.gov.uk/find-statistics/key-stage-2-attainment-national-experiment-statistics/2023-24
109089,Paulton Junior School,Primary,69.0,10.0,105.0,104.0,,,,,2024,https://explore-education-statistics.service.gov.uk/find-statistics/key-stage-2-attainment-national-experiment-statistics/2023-24
109110,Hannah More Primary School,Primary,47.0,3.0,104.0,104.0,,,,,2024,https://explore-education-statistics.service.gov.uk/find-statistics/key-stage-2-attainment-national-experiment-statistics/2023-24
109116,Bishop Road Primary School,Primary,84.0,26.0,110.0,109.0,,,,,2024,https://explore-education-statistics.service.gov.uk/find-statistics/key-stage-2-attainment-national-experiment-statistics/2023-24
109118,Blaise Primary and Nursery School,Primary,60.0,7.0,103.0,104.0,,,,,2024,https://explore-education-statistics.service.gov.uk/find-statistics/key-stage-2-attainment-national-experiment-statistics/2023-24
109130,Fair Furlong Primary School,Primary,17.0,0.0,99.0,98.0,,,,,2024,https://explore-education-statistics.service.gov.uk/find-statistics/key-stage-2-attainment-national-experiment-statistics/2023-24
109132,Whitehall Primary School,Primary,59.0,6.0,107.0,104.0,,,,,2024,https://explore-education-statistics.service.gov.uk/find-statistics/key-stage-2-attainment-national-experiment-statistics/2023-24
109140,Avonmouth Church of England Primary School and Nursery,Primary,45.0,0.0,104.0,102.0,,,,,2024,https://explore-education-statistics.service.gov.uk/find-statistics/key-stage-2-attainment-national-experiment-statistics/2023-24
109146,"St Johns Church of England Primary School, Clifton",Primary,67.0,16.0,107.0,106.0,,,,,2024,https://explore-education-statistics.service.gov.uk/find-statistics/key-stage-2-attainment-national-experiment-statistics/2023-24
109243,School of Christ The King Catholic Primary,Primary,41.0,0.0,99.0,101.0,,,,,2024,https://explore-education-statistics.service.gov.uk/find-statistics/key-stage-2-attainment-national-experiment-statistics/2023-24
109244,Holy Cross RC Primary School,Primary,48.0,4.0,103.0,100.0,,,,,2024,https://explore-education-statistics.service.gov.uk/find-statistics/key-stage-2-attainment-national-experiment-statistics/2023-24
109245,Ss Peter and Paul RC Primary School,Primary,60.0,10.0,107.0,106.0,,,,,2024,https://explore-education-statistics.service.gov.uk/find-statistics/key-stage-2-attainment-national-experiment-statistics/2023-24
109247,St Joseph's Catholic Primary School,Primary,65.0,0.0,106.0,103.0,,,,,2024,https://explore-education-statistics.service.gov.uk/find-statistics/key-stage-2-attainment-national-experiment-statistics/2023-24
109251,"Our Lady of the Rosary Catholic Primary School, Bristol",Primary,87.0,7.0,109.0,108.0,,,,,2024,https://explore-education-statistics.service.gov.uk/find-statistics/key-stage-2-attainment-national-experiment-statistics/2023-24
109254,St Bernadette Catholic Voluntary Aided Primary School,Primary,69.0,3.0,109.0,106.0,,,,,2024,https://explore-education-statistics.service.gov.uk/find-statistics/key-stage-2-attainment-national-experiment-statistics/2023-24
109327,St Mary Redcliffe and Temple School,Secondary,,,,,0.24,51.7,4.39,52.8,2024,https://explore-education-statistics.service.gov.uk/find-statistics/key-stage-4-performance-revised/2023-24
109329,Saint Gregory's Catholic College,Secondary,,,,,0.42,51.0,4.33,47.1,2024,https://explore-education-statistics.service.gov.uk/find-statistics/key-stage-4-performance-revised/2023-24
109331,St Bernadette Catholic Secondary School,Secondary,,,,,-0.32,43.0,3.57,31.9,2024,https://explore-education-statistics.service.gov.uk/find-statistics/key-stage-4-performance-revised/2023-24
131019,Newbridge Primary School,Primary,57.0,14.0,106.0,104.0,,,,,2024,https://explore-education-statistics.service.gov.uk/find-statistics/key-stage-2-attainment-national-experiment-statistics/2023-24
131522,Hillcrest Primary School,Primary,68.0,3.0,108.0,107.0,,,,,2024,https://explore-education-statistics.service.gov.uk/find-statistics/key-stage-2-attainment-national-experiment-statistics/2023-24
132196,Shirehampton Primary School,Primary,55.0,9.0,104.0,101.0,,,,,2024,https://explore-education-statistics.service.gov.uk/find-statistics/key-stage-2-attainment-national-experiment-statistics/2023-24
134917,St Keyna Primary School,Primary,57.0,4.0,104.0,104.0,,,,,2024,https://explore-education-statistics.service.gov.uk/find-statistics/key-stage-2-attainment-national-experiment-statistics/2023-24
135203,Knowle Park Primary School,Primary,56.0,13.0,103.0,103.0,,,,,2024,https://explore-education-statistics.service.gov.uk/find-statistics/key-stage-2-attainment-national-experiment-statistics/2023-24
135300,Bristol Brunel Academy,Secondary,,,,,0.24,45.1,4.08,37.2,2024,https://explore-education-statistics.service.gov.uk/find-statistics/key-stage-4-performance-revised/2023-24
135575,Bristol Cathedral Choir School,Secondary,,,,,0.55,56.7,4.96,65.8,2024,https://explore-education-statistics.service.gov.uk/find-statistics/key-stage-4-performance-revised/2023-24
135663,Oasis Academy John Williams,Secondary,,,,,-0.37,42.3,3.59,38.7,2024,https://explore-education-statistics.service.gov.uk/find-statistics/key-stage-4-performance-revised/2023-24
135671,Oasis Academy Brightstowe,Secondary,,,,,-1.01,33.3,2.95,19.2,2024,https://explore-education-statistics.service.gov.uk/find-statistics/key-stage-4-performance-revised/2023-24
135779,Sea Mills Primary School,Primary,50.0,11.0,104.0,101.0,,,,,2024,https://explore-education-statistics.service.gov.uk/find-statistics/key-stage-2-attainment-national-experiment-statistics/2023-24
135867,Air Balloon Hill Primary School,Primary,60.0,6.0,105.0,105.0,,,,,2024,https://explore-education-statistics.service.gov.uk/find-statistics/key-stage-2-attainment-national-experiment-statistics/2023-24
135872,St Peter's Church of England Primary School (VC),Primary,39.0,0.0,101.0,100.0,,,,,2024,https://explore-education-statistics.service.gov.uk/find-statistics/key-stage-2-attainment-national-experiment-statistics/2023-24
135959,Bristol Metropolitan Academy,Secondary,,,,,0.54,48.0,4.31,46.0,2024,https://explore-education-statistics.service.gov.uk/find-statistics/key-stage-4-performance-revised/2023-24
136311,Somervale Secondary School,Secondary,,,,,0.01,43.3,3.79,39.3,2024,https://explore-education-statistics.service.gov.uk/find-statistics/key-stage-4-performance-revised/2023-24
136335,Norton Hill Academy,Secondary,,,,,0.16,52.2,4.68,54.7,2024,https://explore-education-statistics.service.gov.uk/find-statistics/key-stage-4-performance-revised/2023-24
136483,Oldfield School,Secondary,,,,,-0.06,46.4,4.1,45.9,2024,https://explore-education-statistics.service.gov.uk/find-statistics/key-stage-4-performance-revised/2023-24
136804,Trinity Church School,Primary,69.0,3.0,107.0,104.0,,,,,2024,https://explore-education-statistics.service.gov.uk/find-statistics/key-stage-2-attainment-national-experiment-statistics/2023-24
136822,Bristol Free School,Secondary,,,,,0.43,58.0,5.32,66.3,2024,https://explore-education-statistics.service.gov.uk/find-statistics/key-stage-4-performance-revised/2023-24
136830,Elmlea Junior School,Primary,84.0,16.0,111.0,108.0,,,,,2024,https://explore-education-statistics.service.gov.uk/find-statistics/key-stage-2-attainment-national-experiment-statistics/2023-24
136966,Hayesfield Girls School,Secondary,,,,,0.76,57.9,5.4,69.8,2024,https://explore-education-statistics.service.gov.uk/find-statistics/key-stage-4-performance-revised/2023-24
137062,Westbury-On-Trym Church of England Academy,Primary,75.0,11.0,110.0,107.0,,,,,2024,https://explore-education-statistics.service.gov.uk/find-statistics/key-stage-2-attainment-national-experiment-statistics/2023-24
137068,E-Act St Ursula's Academy,Primary,80.0,0.0,110.0,108.0,,,,,2024,https://explore-education-statistics.service.gov.uk/find-statistics/key-stage-2-attainment-national-experiment-statistics/2023-24
137212,Waycroft Academy,Primary,51.0,2.0,103.0,102.0,,,,,2024,https://explore-education-statistics.service.gov.uk/find-statistics/key-stage-2-attainment-national-experiment-statistics/2023-24
137440,Cotham School,Secondary,,,,,0.1,46.2,4.24,45.7,2024,https://explore-education-statistics.service.gov.uk/find-statistics/key-stage-4-performance-revised/2023-24
137518,Henleaze Junior School,Primary,70.0,3.0,109.0,104.0,,,,,2024,https://explore-education-statistics.service.gov.uk/find-statistics/key-stage-2-attainment-national-experiment-statistics/2023-24
137523,Wellsway School,Secondary,,,,,0.31,51.8,4.74,58.7,2024,https://explore-education-statistics.service.gov.uk/find-statistics/key-stage-4-performance-revised/2023-24
137548,Writhlington School,Secondary,,,,,0.08,46.5,3.98,43.6,2024,https://explore-education-statistics.service.gov.uk/find-statistics/key-stage-4-performance-revised/2023-24
137627,St Bede's Catholic College,Secondary,,,,,0.38,55.6,4.68,56.7,2024,https://explore-education-statistics.service.gov.uk/find-statistics/key-stage-4-performance-revised/2023-24
137700,Ilminster Avenue E-ACT Academy,Primary,16.0,0.0,96.0,96.0,,,,,2024,https://explore-education-statistics.service.gov.uk/find-statistics/key-stage-2-attainment-national-experiment-statistics/2023-24
137762,West Town Lane Academy,Primary,57.0,6.0,104.0,104.0,,,,,2024,https://explore-education-statistics.service.gov.uk/find-statistics/key-stage-2-attainment-national-experiment-statistics/2023-24
138204,Bedminster Down School,Secondary,,,,,-0.3,39.9,3.24,32.5,2024,https://explore-education-statistics.service.gov.uk/find-statistics/key-stage-4-performance-revised/2023-24
138278,Oasis Academy Connaught,Primary,48.0,0.0,100.0,101.0,,,,,2024,https://explore-education-statistics.service.gov.uk/find-statistics/key-stage-2-attainment-national-experiment-statistics/2023-24
138317,Christ Church Church of England Primary School,Primary,63.0,11.0,110.0,106.0,,,,,2024,https://explore-education-statistics.service.gov.uk/find-statistics/key-stage-2-attainment-national-experiment-statistics/2023-24
138377,E-Act the Dolphin School,Primary,40.0,6.0,104.0,100.0,,,,,2024,https://explore-education-statistics.service.gov.uk/find-statistics/key-stage-2-attainment-national-experiment-statistics/2023-24
138409,Oasis Academy Bank Leaze,Primary,72.0,14.0,104.0,103.0,,,,,2024,https://explore-education-statistics.service.gov.uk/find-statistics/key-stage-2-attainment-national-experiment-statistics/2023-24
138448,Orchard School Bristol,Secondary,,,,,-0.31,39.6,3.63,34.1,2024,https://explore-education-statistics.service.gov.uk/find-statistics/key-stage-4-performance-revised/2023-24
138465,St Patrick's Catholic Primary School,Primary,60.0,0.0,107.0,108.0,,,,,2024,https://explore-education-statistics.service.gov.uk/find-statistics/key-stage-2-attainment-national-experiment-statistics/2023-24
138522,Ralph Allen School,Secondary,,,,,0.34,53.8,4.9,60.6,2024,https://explore-education-statistics.service.gov.uk/find-statistics/key-stage-4-performance-revised/2023-24
138531,Westbury Park School,Primary,72.0,16.0,109.0,109.0,,,,,2024,https://explore-education-statistics.service.gov.uk/find-statistics/key-stage-2-attainment-national-experiment-statistics/2023-24
138617,Chew Stoke Church School,Primary,68.0,16.0,105.0,107.0,,,,,2024,https://explore-education-statistics.service.gov.uk/find-statistics/key-stage-2-attainment-national-experiment-statistics/2023-24
138655,Begbrook Primary Academy,Primary,66.0,6.0,106.0,104.0,,,,,2024,https://explore-education-statistics.service.gov.uk/find-statistics/key-stage-2-attainment-national-experiment-statistics/2023-24
138658,Summerhill Academy,Primary,94.0,10.0,107.0,108.0,,,,,2024,https://explore-education-statistics.service.gov.uk/find-statistics/key-stage-2-attainment-national-experiment-statistics/2023-24
138668,Filton Avenue Primary School,Primary,62.0,9.0,107.0,103.0,,,,,2024,https://explore-education-statistics.service.gov.uk/find-statistics/key-stage-2-attainment-national-experiment-statistics/2023-24
138708,Cotham Gardens Primary School,Primary,32.0,3.0,105.0,100.0,,,,,2024,https://explore-education-statistics.service.gov.uk/find-statistics/key-stage-2-attainment-national-experiment-statistics/2023-24
138709,Greenfield E-ACT Primary Academy,Primary,72.0,5.0,107.0,103.0,,,,,2024,https://explore-education-statistics.service.gov.uk/find-statistics/key-stage-2-attainment-national-experiment-statistics/2023-24
138710,Oasis Academy New Oak,Primary,50.0,13.0,103.0,104.0,,,,,2024,https://explore-education-statistics.service.gov.uk/find-statistics/key-stage-2-attainment-national-experiment-statistics/2023-24
138789,Minerva Primary Academy,Primary,63.0,2.0,104.0,103.0,,,,,2024,https://explore-education-statistics.service.gov.uk/find-statistics/key-stage-2-attainment-national-experiment-statistics/2023-24
138791,Frome Vale Academy,Primary,82.0,0.0,103.0,105.0,,,,,2024,https://explore-education-statistics.service.gov.uk/find-statistics/key-stage-2-attainment-national-experiment-statistics/2023-24
138794,Fishponds CofE Primary School,Primary,50.0,4.0,103.0,102.0,,,,,2024,https://explore-education-statistics.service.gov.uk/find-statistics/key-stage-2-attainment-national-experiment-statistics/2023-24
138855,Redland Green School,Secondary,,,,,0.59,61.5,6.0,74.4,2024,https://explore-education-statistics.service.gov.uk/find-statistics/key-stage-4-performance-revised/2023-24
138900,Little Mead Primary Academy,Primary,44.0,5.0,102.0,102.0,,,,,2024,https://explore-education-statistics.service.gov.uk/find-statistics/key-stage-2-attainment-national-experiment-statistics/2023-24
138904,Parson Street Primary School,Primary,58.0,6.0,103.0,103.0,,,,,2024,https://explore-education-statistics.service.gov.uk/find-statistics/key-stage-2-attainment-national-experiment-statistics/2023-24
138985,Broadlands Academy,Secondary,,,,,-0.21,40.7,3.46,31.8,2024,https://explore-education-statistics.service.gov.uk/find-statistics/key-stage-4-performance-revised/2023-24
139033,St Teresa's Catholic Primary School,Primary,69.0,7.0,105.0,106.0,,,,,2024,https://explore-education-statistics.service.gov.uk/find-statistics/key-stage-2-attainment-national-experiment-statistics/2023-24
139049,Bridge Learning Campus,Secondary,,,,,-0.75,33.6,2.83,17.7,2024,https://explore-education-statistics.service.gov.uk/find-statistics/key-stage-4-performance-revised/2023-24
139050,E-Act Bannerman Road Community Academy,Primary,43.0,0.0,102.0,101.0,,,,,2024,https://explore-education-statistics.service.gov.uk/find-statistics/key-stage-2-attainment-national-experiment-statistics/2023-24
139116,Henbury Court Primary Academy,Primary,36.0,0.0,100.0,98.0,,,,,2024,https://explore-education-statistics.service.gov.uk/find-statistics/key-stage-2-attainment-national-experiment-statistics/2023-24
139247,E-Act the Kingfisher School,Primary,24.0,0.0,101.0,98.0,,,,,2024,https://explore-education-statistics.service.gov.uk/find-statistics/key-stage-2-attainment-national-experiment-statistics/2023-24
139505,Stoke Bishop Church of England Primary School,Primary,75.0,12.0,109.0,109.0,,,,,2024,https://explore-education-statistics.service.gov.uk/find-statistics/key-stage-2-attainment-national-experiment-statistics/2023-24
139828,Cathedral Primary School,Primary,68.0,2.0,107.0,105.0,,,,,2024,https://explore-education-statistics.service.gov.uk/find-statistics/key-stage-2-attainment-national-experiment-statistics/2023-24
140267,Redfield Educate Together Primary Academy,Primary,0.0,0.0,102.0,98.0,,,,,2024,https://explore-education-statistics.service.gov.uk/find-statistics/key-stage-2-attainment-national-experiment-statistics/2023-24
140268,Oasis Academy Marksbury Road,Primary,75.0,2.0,106.0,106.0,,,,,2024,https://explore-education-statistics.service.gov.uk/find-statistics/key-stage-2-attainment-national-experiment-statistics/2023-24
140269,E-Act Fairlawn Primary School,Primary,57.0,7.0,109.0,103.0,,,,,2024,https://explore-education-statistics.service.gov.uk/find-statistics/key-stage-2-attainment-national-experiment-statistics/2023-24
140409,Oasis Academy Long Cross,Primary,53.0,2.0,102.0,102.0,,,,,2024,https://explore-education-statistics.service.gov.uk/find-statistics/key-stage-2-attainment-national-experiment-statistics/2023-24
140452,St John's CofE Primary School,Primary,70.0,6.0,107.0,105.0,,,,,2024,https://explore-education-statistics.service.gov.uk/find-statistics/key-stage-2-attainment-national-experiment-statistics/2023-24
140728,Hotwells Primary School,Primary,62.0,8.0,109.0,102.0,,,,,2024,https://explore-education-statistics.service.gov.uk/find-statistics/key-stage-2-attainment-national-experiment-statistics/2023-24
141110,Easton CofE Primary School,Primary,38.0,2.0,100.0,99.0,,,,,2024,https://explore-education-statistics.service.gov.uk/find-statistics/key-stage-2-attainment-national-experiment-statistics/2023-24
141149,High Littleton CofE VC Primary School,Primary,80.0,20.0,108.0,108.0,,,,,2024,https://explore-education-statistics.service.gov.uk/find-statistics/key-stage-2-attainment-national-experiment-statistics/2023-24
141652,Oasis Academy Brislington,Secondary,,,,,-0.29,40.9,3.85,34.7,2024,https://explore-education-statistics.service.gov.uk/find-statistics/key-stage-4-performance-revised/2023-24
141705,Fairfield High School,Secondary,,,,,0.25,49.9,4.34,44.3,2024,https://explore-education-statistics.service.gov.uk/find-statistics/key-stage-4-performance-revised/2023-24
141706,Four Acres Academy,Primary,48.0,0.0,103.0,100.0,,,,,2024,https://explore-education-statistics.service.gov.uk/find-statistics/key-stage-2-attainment-national-experiment-statistics/2023-24
141767,Clutton Primary School,Primary,75.0,6.0,107.0,106.0,,,,,2024,https://explore-education-statistics.service.gov.uk/find-statistics/key-stage-2-attainment-national-experiment-statistics/2023-24
142032,Woodlands Academy,Primary,58.0,4.0,104.0,104.0,,,,,2024,https://explore-education-statistics.service.gov.uk/find-statistics/key-stage-2-attainment-national-experiment-statistics/2023-24
142125,Somerset Studio School,Secondary,,,,,-0.31,40.4,2.77,32.3,2024,https://explore-education-statistics.service.gov.uk/find-statistics/key-stage-4-performance-revised/2023-24
142127,IKB Academy,Secondary,,,,,-0.54,38.6,3.09,31.5,2024,https://explore-education-statistics.service.gov.uk/find-statistics/key-stage-4-performance-revised/2023-24
142227,St John's Church of England Primary School,Primary,70.0,4.0,104.0,105.0,,,,,2024,https://explore-education-statistics.service.gov.uk/find-statistics/key-stage-2-attainment-national-experiment-statistics/2023-24
142716,Moorlands Junior School,Primary,43.0,6.0,106.0,101.0,,,,,2024,https://explore-education-statistics.service.gov.uk/find-statistics/key-stage-2-attainment-national-experiment-statistics/2023-24
142754,Weston All Saints CofE Primary School,Primary,39.0,0.0,106.0,101.0,,,,,2024,https://explore-education-statistics.service.gov.uk/find-statistics/key-stage-2-attainment-national-experiment-statistics/2023-24
142941,Welton Primary School,Primary,73.0,0.0,108.0,104.0,,,,,2024,https://explore-education-statistics.service.gov.uk/find-statistics/key-stage-2-attainment-national-experiment-statistics/2023-24
142942,Longvernal Primary School,Primary,65.0,6.0,108.0,104.0,,,,,2024,https://explore-education-statistics.service.gov.uk/find-statistics/key-stage-2-attainment-national-experiment-statistics/2023-24
142943,Combe Down CofE Primary School,Primary,65.0,12.0,109.0,106.0,,,,,2024,https://explore-education-statistics.service.gov.uk/find-statistics/key-stage-2-attainment-national-experiment-statistics/2023-24
143083,Saltford CofE Primary School,Primary,82.0,13.0,109.0,107.0,,,,,2024,https://explore-education-statistics.service.gov.uk/find-statistics/key-stage-2-attainment-national-experiment-statistics/2023-24
143108,St Martin's Garden Primary School,Primary,29.0,3.0,102.0,100.0,,,,,2024,https://explore-education-statistics.service.gov.uk/find-statistics/key-stage-2-attainment-national-experiment-statistics/2023-24
143403,Hareclive E-ACT Academy,Primary,55.0,4.0,101.0,99.0,,,,,2024,https://explore-education-statistics.service.gov.uk/find-statistics/key-stage-2-attainment-national-experiment-statistics/2023-24
143558,Oldfield Park Junior School,Primary,69.0,3.0,107.0,105.0,,,,,2024,https://explore-education-statistics.service.gov.uk/find-statistics/key-stage-2-attainment-national-experiment-statistics/2023-24
143559,Widcombe CofE Junior School,Primary,72.0,8.0,109.0,106.0,,,,,2024,https://explore-education-statistics.service.gov.uk/find-statistics/key-stage-2-attainment-national-experiment-statistics/2023-24
143560,St Philip's CofE Primary School,Primary,85.0,18.0,109.0,108.0,,,,,2024,https://explore-education-statistics.service.gov.uk/find-statistics/key-stage-2-attainment-national-experiment-statistics/2023-24
143915,Norton Hill Primary School,Primary,,,,,,,,,2024,https://explore-education-statistics.service.gov.uk/find-statistics/key-stage-2-attainment-national-experiment-statistics/2023-24
144281,Farrington Gurney Church of England Primary School,Primary,87.0,13.0,106.0,105.0,,,,,2024,https://explore-education-statistics.service.gov.uk/find-statistics/key-stage-2-attainment-national-experiment-statistics/2023-24
144282,Marksbury CofE Primary School,Primary,50.0,25.0,106.0,106.0,,,,,2024,https://explore-education-statistics.service.gov.uk/find-statistics/key-stage-2-attainment-national-experiment-statistics/2023-24
144283,Chandag Primary School,Primary,,,,,,,,,2024,https://explore-education-statistics.service.gov.uk/find-statistics/key-stage-2-attainment-national-experiment-statistics/2023-24
144509,The City Academy Bristol,Secondary,,,,,0.07,37.5,3.18,25.8,2024,https://explore-education-statistics.service.gov.uk/find-statistics/key-stage-4-performance-revised/2023-24
144724,St Mary Redcliffe Church of England Primary School,Primary,47.0,0.0,107.0,101.0,,,,,2024,https://explore-education-statistics.service.gov.uk/find-statistics/key-stage-2-attainment-national-experiment-statistics/2023-24
144737,Abbot Alphege Academy,Primary,78.0,0.0,109.0,106.0,,,,,2024,https://explore-education-statistics.service.gov.uk/find-statistics/key-stage-2-attainment-national-experiment-statistics/2023-24
144762,Somerdale Educate Together Primary Academy,Primary,43.0,0.0,105.0,101.0,,,,,2024,https://explore-education-statistics.service.gov.uk/find-statistics/key-stage-2-attainment-national-experiment-statistics/2023-24
144779,Badocks Wood E-ACT Academy,Primary,73.0,6.0,106.0,105.0,,,,,2024,https://explore-education-statistics.service.gov.uk/find-statistics/key-stage-2-attainment-national-experiment-statistics/2023-24
144830,Midsomer Norton Primary School,Primary,66.0,8.0,105.0,105.0,,,,,2024,https://explore-education-statistics.service.gov.uk/find-statistics/key-stage-2-attainment-national-experiment-statistics/2023-24
144863,Victoria Park Primary School,Primary,53.0,5.0,106.0,102.0,,,,,2024,https://explore-education-statistics.service.gov.uk/find-statistics/key-stage-2-attainment-national-experiment-statistics/2023-24
144864,Headley Park Primary School,Primary,67.0,2.0,105.0,106.0,,,,,2024,https://explore-education-statistics.service.gov.uk/find-statistics/key-stage-2-attainment-national-experiment-statistics/2023-24
144880,Perry Court E-ACT Academy,Primary,81.0,8.0,107.0,105.0,,,,,2024,https://explore-education-statistics.service.gov.uk/find-statistics/key-stage-2-attainment-national-experiment-statistics/2023-24
144892,Fonthill Primary Academy,Primary,38.0,0.0,99.0,101.0,,,,,2024,https://explore-education-statistics.service.gov.uk/find-statistics/key-stage-2-attainment-national-experiment-statistics/2023-24
145070,Farmborough Church Primary School,Primary,58.0,19.0,107.0,105.0,,,,,2024,https://explore-education-statistics.service.gov.uk/find-statistics/key-stage-2-attainment-national-experiment-statistics/2023-24
145320,Compass Point Primary School,Primary,61.0,6.0,105.0,102.0,,,,,2024,https://explore-education-statistics.service.gov.uk/find-statistics/key-stage-2-attainment-national-experiment-statistics/2023-24
145321,Ashton Vale Primary School,Primary,32.0,0.0,99.0,98.0,,,,,2024,https://explore-education-statistics.service.gov.uk/find-statistics/key-stage-2-attainment-national-experiment-statistics/2023-24
145398,Ashton Park School,Secondary,,,,,0.31,50.2,4.22,54.3,2024,https://explore-education-statistics.service.gov.uk/find-statistics/key-stage-4-performance-revised/2023-24
145399,Luckwell Primary School,Primary,63.0,11.0,108.0,105.0,,,,,2024,https://explore-education-statistics.service.gov.uk/find-statistics/key-stage-2-attainment-national-experiment-statistics/2023-24
145482,Chew Valley School,Secondary,,,,,-0.1,47.8,4.38,51.0,2024,https://explore-education-statistics.service.gov.uk/find-statistics/key-stage-4-performance-revised/2023-24
145511,Bathampton Primary School,Primary,42.0,10.0,105.0,103.0,,,,,2024,https://explore-education-statistics.service.gov.uk/find-statistics/key-stage-2-attainment-national-experiment-statistics/2023-24
145512,Batheaston Church School,Primary,52.0,11.0,107.0,101.0,,,,,2024,https://explore-education-statistics.service.gov.uk/find-statistics/key-stage-2-attainment-national-experiment-statistics/2023-24
145513,St Saviours Junior Church School,Primary,47.0,9.0,106.0,100.0,,,,,2024,https://explore-education-statistics.service.gov.uk/find-statistics/key-stage-2-attainment-national-experiment-statistics/2023-24
145515,Bathwick St Mary Church School,Primary,65.0,15.0,108.0,106.0,,,,,2024,https://explore-education-statistics.service.gov.uk/find-statistics/key-stage-2-attainment-national-experiment-statistics/2023-24
145516,St Andrew's Church School,Primary,57.0,14.0,104.0,103.0,,,,,2024,https://explore-education-statistics.service.gov.uk/find-statistics/key-stage-2-attainment-national-experiment-statistics/2023-24
145517,St Stephens Church School,Primary,78.0,14.0,108.0,106.0,,,,,2024,https://explore-education-statistics.service.gov.uk/find-statistics/key-stage-2-attainment-national-experiment-statistics/2023-24
145582,Bathford Church School,Primary,67.0,7.0,108.0,106.0,,,,,2024,https://explore-education-statistics.service.gov.uk/find-statistics/key-stage-2-attainment-national-experiment-statistics/2023-24
145583,Freshford Church School,Primary,88.0,33.0,113.0,111.0,,,,,2024,https://explore-education-statistics.service.gov.uk/find-statistics/key-stage-2-attainment-national-experiment-statistics/2023-24
145716,St Michaels Junior Church School,Primary,13.0,0.0,99.0,95.0,,,,,2024,https://explore-education-statistics.service.gov.uk/find-statistics/key-stage-2-attainment-national-experiment-statistics/2023-24
145899,Mulberry Park Educate Together Primary Academy,Primary,,,,,,,,,2024,https://explore-education-statistics.service.gov.uk/find-statistics/key-stage-2-attainment-national-experiment-statistics/2023-24
146101,Evergreen Primary Academy,Primary,67.0,13.0,104.0,105.0,,,,,2024,https://explore-education-statistics.service.gov.uk/find-statistics/key-stage-2-attainment-national-experiment-statistics/2023-24
146261,Stoke Park Primary School,Primary,48.0,7.0,102.0,102.0,,,,,2024,https://explore-education-statistics.service.gov.uk/find-statistics/key-stage-2-attainment-national-experiment-statistics/2023-24
146263,Roundhill Primary School,Primary,36.0,6.0,101.0,98.0,,,,,2024,https://explore-education-statistics.service.gov.uk/find-statistics/key-stage-2-attainment-national-experiment-statistics/2023-24
146396,St Julian's Church School,Primary,85.0,23.0,109.0,109.0,,,,,2024,https://explore-education-statistics.service.gov.uk/find-statistics/key-stage-2-attainment-national-experiment-statistics/2023-24
146409,Westfield Primary School,Primary,62.0,5.0,105.0,103.0,,,,,2024,https://explore-education-statistics.service.gov.uk/find-statistics/key-stage-2-attainment-national-experiment-statistics/2023-24
146424,Shoscombe Church School,Primary,64.0,0.0,108.0,104.0,,,,,2024,https://explore-education-statistics.service.gov.uk/find-statistics/key-stage-2-attainment-national-experiment-statistics/2023-24
146572,Wansdyke Primary School,Primary,62.0,7.0,104.0,103.0,,,,,2024,https://explore-education-statistics.service.gov.uk/find-statistics/key-stage-2-attainment-national-experiment-statistics/2023-24
146687,Cheddar Grove Primary School,Primary,75.0,3.0,105.0,104.0,,,,,2024,https://explore-education-statistics.service.gov.uk/find-statistics/key-stage-2-attainment-national-experiment-statistics/2023-24
146689,Ubley Church of England Primary School,Primary,57.0,14.0,107.0,103.0,,,,,2024,https://explore-education-statistics.service.gov.uk/find-statistics/key-stage-2-attainment-national-experiment-statistics/2023-24
146707,Stanton Drew Primary School,Primary,50.0,0.0,104.0,100.0,,,,,2024,https://explore-education-statistics.service.gov.uk/find-statistics/key-stage-2-attainment-national-experiment-statistics/2023-24
146787,East Harptree Church of England Primary School,Primary,73.0,18.0,108.0,105.0,,,,,2024,https://explore-education-statistics.service.gov.uk/find-statistics/key-stage-2-attainment-national-experiment-statistics/2023-24
146788,Bishop Sutton Primary School,Primary,74.0,7.0,109.0,105.0,,,,,2024,https://explore-education-statistics.service.gov.uk/find-statistics/key-stage-2-attainment-national-experiment-statistics/2023-24
146952,Castle Primary School,Primary,57.0,9.0,105.0,102.0,,,,,2024,https://explore-education-statistics.service.gov.uk/find-statistics/key-stage-2-attainment-national-experiment-statistics/2023-24
146964,May Park Primary School,Primary,24.0,0.0,99.0,97.0,,,,,2024,https://explore-education-statistics.service.gov.uk/find-statistics/key-stage-2-attainment-national-experiment-statistics/2023-24
146972,Beechen Cliff School,Secondary,,,,,0.45,57.1,5.47,68.5,2024,https://explore-education-statistics.service.gov.uk/find-statistics/key-stage-4-performance-revised/2023-24
146976,Cameley CEVC Primary School,Primary,33.0,0.0,106.0,102.0,,,,,2024,https://explore-education-statistics.service.gov.uk/find-statistics/key-stage-2-attainment-national-experiment-statistics/2023-24
146978,Pensford Primary School,Primary,69.0,15.0,108.0,110.0,,,,,2024,https://explore-education-statistics.service.gov.uk/find-statistics/key-stage-2-attainment-national-experiment-statistics/2023-24
146979,Chew Magna Primary School,Primary,20.0,0.0,108.0,104.0,,,,,2024,https://explore-education-statistics.service.gov.uk/find-statistics/key-stage-2-attainment-national-experiment-statistics/2023-24
147072,Trinity Academy,Secondary,,,,,0.53,50.7,4.5,56.7,2024,https://explore-education-statistics.service.gov.uk/find-statistics/key-stage-4-performance-revised/2023-24
147173,Peasedown St John Primary School,Primary,52.0,3.0,102.0,102.0,,,,,2024,https://explore-education-statistics.service.gov.uk/find-statistics/key-stage-2-attainment-national-experiment-statistics/2023-24
147219,Blaise High School,Secondary,,,,,-0.3,40.4,3.53,40.2,2024,https://explore-education-statistics.service.gov.uk/find-statistics/key-stage-4-performance-revised/2023-24
147555,Swainswick Church School,Primary,80.0,10.0,108.0,103.0,,,,,2024,https://explore-education-statistics.service.gov.uk/find-statistics/key-stage-2-attainment-national-experiment-statistics/2023-24
147652,Avanti Gardens School,Primary,25.0,0.0,103.0,99.0,,,,,2024,https://explore-education-statistics.service.gov.uk/find-statistics/key-stage-2-attainment-national-experiment-statistics/2023-24
147800,Whitchurch Primary School,Primary,55.0,10.0,103.0,103.0,,,,,2024,https://explore-education-statistics.service.gov.uk/find-statistics/key-stage-2-attainment-national-experiment-statistics/2023-24
147801,St Mark's CofE School,Secondary,,,,,0.74,50.6,4.51,45.9,2024,https://explore-education-statistics.service.gov.uk/find-statistics/key-stage-4-performance-revised/2023-24
147861,Two Rivers Church of England Primary,Primary,,,,,,,,,2024,https://explore-education-statistics.service.gov.uk/find-statistics/key-stage-2-attainment-national-experiment-statistics/2023-24
147890,St Mary's CofE Primary School,Primary,77.0,14.0,108.0,105.0,,,,,2024,https://explore-education-statistics.service.gov.uk/find-statistics/key-stage-2-attainment-national-experiment-statistics/2023-24
147993,St Mary's Church of England Primary School,Primary,33.0,0.0,101.0,98.0,,,,,2024,https://explore-education-statistics.service.gov.uk/find-statistics/key-stage-2-attainment-national-experiment-statistics/2023-24
148516,St Nicholas Church School,Primary,49.0,3.0,105.0,102.0,,,,,2024,https://explore-education-statistics.service.gov.uk/find-statistics/key-stage-2-attainment-national-experiment-statistics/2023-24
148679,St Werburgh's Primary School,Primary,61.0,11.0,105.0,103.0,,,,,2024,https://explore-education-statistics.service.gov.uk/find-statistics/key-stage-2-attainment-national-experiment-statistics/2023-24
148841,Willow Park CofE Primary School,Primary,40.0,0.0,100.0,101.0,,,,,2024,https://explore-education-statistics.service.gov.uk/find-statistics/key-stage-2-attainment-national-experiment-statistics/2023-24
148942,St Bernard's Catholic Primary School,Primary,55.0,0.0,107.0,103.0,,,,,2024,https://explore-education-statistics.service.gov.uk/find-statistics/key-stage-2-attainment-national-experiment-statistics/2023-24
149121,Cabot Primary School,Primary,25.0,0.0,99.0,97.0,,,,,2024,https://explore-education-statistics.service.gov.uk/find-statistics/key-stage-2-attainment-national-experiment-statistics/2023-24
149296,Bridge Farm Primary School,Primary,73.0,15.0,109.0,106.0,,,,,2024,https://explore-education-statistics.service.gov.uk/find-statistics/key-stage-2-attainment-national-experiment-statistics/2023-24
149783,Oasis Academy Daventry Road,Secondary,,,,,,,,,2024,https://explore-education-statistics.service.gov.uk/find-statistics/key-stage-4-performance-revised/2023-24
149784,Oasis Academy Temple Quarter,Secondary,,,,,,,,,2024,https://explore-education-statistics.service.gov.uk/find-statistics/key-stage-4-performance-revised/2023-24
149915,St Nicholas of Tolentine Catholic Primary School,Primary,,,,,,,,,2024,https://explore-education-statistics.service.gov.uk/find-statistics/key-stage-2-attainment-national-experiment-statistics/2023-24
150718,Wicklea Academy,Primary,,,,,,,,,2024,https://explore-education-statistics.service.gov.uk/find-statistics/key-stage-2-attainment-national-experiment-statistics/2023-24
151299,E-Act Barton Hill Academy,Primary,,,,,,,,,2024,https://explore-education-statistics.service.gov.uk/find-statistics/key-stage-2-attainment-national-experiment-statistics/2023-24
151302,E-Act Merchants' Academy,Secondary,,,,,,,,,2024,https://explore-education-statistics.service.gov.uk/find-statistics/key-stage-4-performance-revised/2023-24
151303,E-Act Montpelier High School,Secondary,,,,,,,,,2024,https://explore-education-statistics.service.gov.uk/find-statistics/key-stage-4-performance-revised/2023-24
