seed,avg_total_tariff,avg_tariff,avg_comp_tariff,pct_5plus_scqf6,pct_5plus_scqf5,pct_3plus_scqf6,pct_1plus_scqf6,pct_1plus_scqf5,pct_1plus_scqf4,pct_1plus_scqf3
1002732,1005,,,,,,,,,
1003232,35,,,,,,,,,
1004166,1495,,,,,,,,,
1004522,865,,,,,,,,,
1004620,447,,,,,,,,,
1004743,1934,,,,,,,,,
1005014,566,,,,,,,,,
1005944,251,,,,,,,,,
5102030,133,,,,,,,,,
5102138,98,,,,,,,,,
5109434,131,,,,,,,,,
5109531,640,,,,,,,,,
5110432,1017,,,,,,,,,
5119030,904,,,,,,,,,
5119138,672,,,,,,,,,
5119332,1976,,,,,,,,,
5119634,1639,,,,,,,,,
5119839,1878,,,,,,,,,
5119936,1899,,,,,,,,,
5120136,1768,,,,,,,,,
5123437,1707,,,,,,,,,
5128234,124,,,,,,,,,
5130239,898,,,,,,,,,
5135532,726,,,,,,,,,
5135834,902,,,,,,,,,
5135931,102,,,,,,,,,
5142431,824,,,,,,,,,
5142539,139,,,,,,,,,
5142636,527,,,,,,,,,
5142830,908,,,,,,,,,
5142938,2042,,,,,,,,,
5143837,602,,,,,,,,,
5143934,1955,,,,,,,,,
5146038,1864,,,,,,,,,
5150132,182,,,,,,,,,
5153131,126,,,,,,,,,
5202736,802,,,,,,,,,
5202930,77,,,,,,,,,
5203031,106,,,,,,,,,
5203139,700,,,,,,,,,
5208734,1662,,,,,,,,,
5208831,1597,,,,,,,,,
5208939,805,,,,,,,,,
5210038,1617,,,,,,,,,
5213231,1524,,,,,,,,,
5219736,81,,,,,,,,,
5220734,110,,,,,,,,,
5221234,572,,,,,,,,,
5222133,646,,,,,,,,,
5230934,211,,,,,,,,,
5231132,1012,,,,,,,,,
5231434,1736,,,,,,,,,
5231639,797,,,,,,,,,
5232333,2064,,,,,,,,,
5232937,293,,,,,,,,,
5233038,1104,,,,,,,,,
5234034,121,,,,,,,,,
5235634,147,,,,,,,,,
5235839,1409,,,,,,,,,
5243238,832,,,,,,,,,
5243335,748,,,,,,,,,
5243432,1963,,,,,,,,,
5243831,716,,,,,,,,,
5244234,20,,,,,,,,,
5244439,2138,,,,,,,,,
5244838,347,,,,,,,,,
5246237,2370,,,,,,,,,
5246431,58,,,,,,,,,
5251834,1106,,,,,,,,,
5251931,188,,,,,,,,,
5252032,777,,,,,,,,,
5257530,1060,,,,,,,,,
5258030,2006,,,,,,,,,
5307031,508,,,,,,,,,
5307139,695,,,,,,,,,
5307236,1810,,,,,,,,,
5307430,1665,,,,,,,,,
5307538,603,,,,,,,,,
5307732,115,,,,,,,,,
5308038,1734,,,,,,,,,
5329132,56,,,,,,,,,
5329434,221,,,,,,,,,
5329531,1813,,,,,,,,,
5330033,579,,,,,,,,,
5330238,731,,,,,,,,,
5330432,78,,,,,,,,,
5330831,637,,,,,,,,,
5331137,556,,,,,,,,,
5339537,1902,,,,,,,,,
5339731,444,,,,,,,,,
5349834,153,,,,,,,,,
5350034,865,,,,,,,,,
5350131,1863,,,,,,,,,
5350239,1897,,,,,,,,,
5350336,1962,,,,,,,,,
5350530,1150,,,,,,,,,
5350638,1857,,,,,,,,,
5350832,551,,,,,,,,,
5351030,1032,,,,,,,,,
5351332,#,,,,,,,,,
5406331,619,,,,,,,,,
5406439,816,,,,,,,,,
5406536,91,,,,,,,,,
5406730,504,,,,,,,,,
5406838,920,,,,,,,,,
5407036,702,,,,,,,,,
5407230,98,,,,,,,,,
5407338,517,,,,,,,,,
5407532,549,,,,,,,,,
5426138,173,,,,,,,,,
5426332,160,,,,,,,,,
5426537,2140,,,,,,,,,
5446139,2088,,,,,,,,,
5446236,102,,,,,,,,,
5446430,969,,,,,,,,,
5446538,649,,,,,,,,,
5446732,790,,,,,,,,,
5447232,1800,,,,,,,,,
5447437,438,,,,,,,,,
5502330,947,,,,,,,,,
5502535,1896,,,,,,,,,
5502632,1782,,,,,,,,,
5509238,97,,,,,,,,,
5509432,1944,,,,,,,,,
5509939,913,,,,,,,,,
5510031,104,,,,,,,,,
5510236,406,,,,,,,,,
5510430,63,,,,,,,,,
5512131,1779,,,,,,,,,
5512530,1124,,,,,,,,,
5518334,2025,,,,,,,,,
5531438,1634,,,,,,,,,
5531632,144,,,,,,,,,
5531934,393,,,,,,,,,
5532132,326,,,,,,,,,
5532434,600,,,,,,,,,
5532531,936,,,,,,,,,
5532639,2155,,,,,,,,,
5532736,828,,,,,,,,,
5532930,138,,,,,,,,,
5533031,951,,,,,,,,,
5533139,481,,,,,,,,,
5533236,852,,,,,,,,,
5533430,1772,,,,,,,,,
5533538,275,,,,,,,,,
5533732,1327,,,,,,,,,
5533937,277,,,,,,,,,
5534038,203,,,,,,,,,
5534232,271,,,,,,,,,
5534534,1089,,,,,,,,,
5534631,879,,,,,,,,,
5540739,2046,,,,,,,,,
5541638,2097,,,,,,,,,
5545838,786,,,,,,,,,
5546036,580,,,,,,,,,
5546230,872,,,,,,,,,
5546532,122,,,,,,,,,
5546834,140,,,,,,,,,
5547938,156,,,,,,,,,
5550831,1918,,,,,,,,,
5555736,248,,,,,,,,,
5555930,852,,,,,,,,,
5556031,1323,,,,,,,,,
5556139,111,,,,,,,,,
5556236,784,,,,,,,,,
5601932,2136,,,,,,,,,
5616530,956,,,,,,,,,
5619734,105,,,,,,,,,
5619831,1742,,,,,,,,,
5632536,1828,,,,,,,,,
5632730,108,,,,,,,,,
5632838,136,,,,,,,,,
5647339,841,,,,,,,,,
5647436,768,,,,,,,,,
5702534,711,,,,,,,,,
5702631,1654,,,,,,,,,
5702836,824,,,,,,,,,
5722330,2033,,,,,,,,,
5722438,1340,,,,,,,,,
5726034,343,,,,,,,,,
5726131,713,,,,,,,,,
5726239,1022,,,,,,,,,
5726336,154,,,,,,,,,
5726530,2051,,,,,,,,,
5745438,117,,,,,,,,,
5745632,108,,,,,,,,,
5746132,675,,,,,,,,,
5746434,185,,,,,,,,,
5746531,144,,,,,,,,,
5746639,145,,,,,,,,,
5747031,151,,,,,,,,,
5758734,130,,,,,,,,,
5902932,835,,,,,,,,,
5903130,726,,,,,,,,,
5918030,615,,,,,,,,,
5918138,1906,,,,,,,,,
5918332,#,,,,,,,,,
5918731,191,,,,,,,,,
5939038,99,,,,,,,,,
5939232,1030,,,,,,,,,
5939534,1374,,,,,,,,,
5939631,1699,,,,,,,,,
5939739,1863,,,,,,,,,
5941032,2046,,,,,,,,,
5948339,1455,,,,,,,,,
5948533,147,,,,,,,,,
5948630,136,,,,,,,,,
5948738,117,,,,,,,,,
6002730,1792,,,,,,,,,
6003036,#,,,,,,,,,
6003230,#,,,,,,,,,
6003532,854,,,,,,,,,
6003834,#,,,,,,,,,
6103030,#,,,,,,,,,
6103138,#,,,,,,,,,
6103332,641,,,,,,,,,
6103634,876,,,,,,,,,
6103731,#,,,,,,,,,
6103839,#,,,,,,,,,
6104134,#,,,,,,,,,
6203132,911,,,,,,,,,
6204139,537,,,,,,,,,
6233139,1888,,,,,,,,,
6233430,1686,,,,,,,,,
8109931,743,,,,,,,,,
8110034,523,,,,,,,,,
8110131,0,,,,,,,,,
8110239,108,,,,,,,,,
8110336,872,,,,,,,,,
8110530,1066,,,,,,,,,
8110638,946,,,,,,,,,
8111030,867,,,,,,,,,
8130434,686,,,,,,,,,
8200831,1927,,,,,,,,,
8210039,941,,,,,,,,,
8214638,809,,,,,,,,,
8215030,753,,,,,,,,,
8215138,481,,,,,,,,,
8215634,1883,,,,,,,,,
8215839,212,,,,,,,,,
8216134,204,,,,,,,,,
8217831,71,,,,,,,,,
8223831,77,,,,,,,,,
8223939,740,,,,,,,,,
8224234,668,,,,,,,,,
8224439,668,,,,,,,,,
8224633,1929,,,,,,,,,
8224730,1914,,,,,,,,,
8235538,56,,,,,,,,,
8235732,942,,,,,,,,,
8236232,1924,,,,,,,,,
8236534,680,,,,,,,,,
8236739,132,,,,,,,,,
8236836,148,,,,,,,,,
8237832,1907,,,,,,,,,
8238030,822,,,,,,,,,
8243131,69,,,,,,,,,
8243239,99,,,,,,,,,
8244138,1535,,,,,,,,,
8300135,1834,,,,,,,,,
8304130,107,,,,,,,,,
8304238,1887,,,,,,,,,
8304734,1781,,,,,,,,,
8304831,684,,,,,,,,,
8314136,51,,,,,,,,,
8325634,2181,,,,,,,,,
8325731,1563,,,,,,,,,
8325936,2127,,,,,,,,,
8337632,150,,,,,,,,,
8337934,2039,,,,,,,,,
8338132,351,,,,,,,,,
8340030,2127,,,,,,,,,
8342032,2418,,,,,,,,,
8342334,2065,,,,,,,,,
8357331,1033,,,,,,,,,
8357439,179,,,,,,,,,
8358532,1065,,,,,,,,,
8358931,1054,,,,,,,,,
8431639,36,,,,,,,,,
8431930,1832,,,,,,,,,
8432031,1714,,,,,,,,,
8432139,593,,,,,,,,,
8432236,819,,,,,,,,,
8432627,2085,,,,,,,,,
8433232,1566,,,,,,,,,
8433836,1724,,,,,,,,,
8434034,498,,,,,,,,,
8434239,1030,,,,,,,,,
8434336,728,,,,,,,,,
8434530,967,,,,,,,,,
8434638,1200,,,,,,,,,
8435138,759,,,,,,,,,
8435634,1757,,,,,,,,,
8435731,1493,,,,,,,,,
8435839,1825,,,,,,,,,
8436134,311,,,,,,,,,
8436339,1732,,,,,,,,,
8436932,208,,,,,,,,,
8437130,560,,,,,,,,,
8437238,209,,,,,,,,,
8438331,591,,,,,,,,,
8438439,1672,,,,,,,,,
8438730,93,,,,,,,,,
8438838,830,,,,,,,,,
8439532,67,,,,,,,,,
8458030,1357,,,,,,,,,
8458138,130,,,,,,,,,
8458332,1961,,,,,,,,,
8458634,906,,,,,,,,,
8458731,643,,,,,,,,,
8459932,52,,,,,,,,,
8470332,621,,,,,,,,,
8500037,730,,,,,,,,,
8505438,781,,,,,,,,,
8505632,1666,,,,,,,,,
8505934,1839,,,,,,,,,
8506132,1622,,,,,,,,,
8506736,224,,,,,,,,,
8516634,1548,,,,,,,,,
8516839,69,,,,,,,,,
8516936,1240,,,,,,,,,
8517134,1971,,,,,,,,,
8517231,78,,,,,,,,,
8517436,1937,,,,,,,,,
8517738,110,,,,,,,,,
8517932,1939,,,,,,,,,
8518637,818,,,,,,,,,
8519137,1861,,,,,,,,,
8519234,176,,,,,,,,,
8520038,1084,,,,,,,,,
8524734,923,,,,,,,,,
8524831,220,,,,,,,,,
8524939,131,,,,,,,,,
8525234,1861,,,,,,,,,
8525331,310,,,,,,,,,
8530033,137,,,,,,,,,
8530130,1943,,,,,,,,,
8533431,1831,,,,,,,,,
8533830,227,,,,,,,,,
8549834,1037,,,,,,,,,
8549931,755,,,,,,,,,
8550034,1919,,,,,,,,,
8550131,1808,,,,,,,,,
8601739,2151,,,,,,,,,
8601836,448,,,,,,,,,
8602034,1759,,,,,,,,,
8602239,404,,,,,,,,,
8602433,2183,,,,,,,,,
8620032,897,,,,,,,,,
8626138,1060,,,,,,,,,
8627630,763,,,,,,,,,
8627932,181,,,,,,,,,
8628130,141,,,,,,,,,
8628432,663,,,,,,,,,
8628734,880,,,,,,,,,
8628831,150,,,,,,,,,
8628939,76,,,,,,,,,
8629439,1773,,,,,,,,,
8630534,174,,,,,,,,,
8632030,252,,,,,,,,,
8633436,1270,,,,,,,,,
8640033,127,,,,,,,,,
8640130,287,,,,,,,,,
8645132,1082,,,,,,,,,
8645434,720,,,,,,,,,
8645531,124,,,,,,,,,
8645639,157,,,,,,,,,
